Site Links,game,free,download,new,review,play,day,read,ago,action,news,world,adventure,one,time,best,get,war,player,video,comment,star,full,online,window,year,last,update,version,like,xbox,release,nintendo,gaming,strategy,puzzle,trailer,classic,feature,team,need,hour,see,link,top,edition,software,racing,search,may,latest,mobile,life,right,card,find,switch,part,make,view,site,week,use,become,legend,take,story,playstation,скоро,first,back,battle,system,demo,modern,home,favorite,post,show,rpg,auto,available,guide,android,policy,computer,help,email,look,click,want,steam,theft,good,grand,privacy,contact,code,character,borderland,also,way,arcade,hero,live,next,series,quest,city,call,rated,support,duty,studio,test,please,warfare,playing,topic,password,multiplayer,sport,experience,eye,try,developer,access,sign,store,escape,work,min,event,space,date,crack,level,today,account,fifa,библиотеке,корзине,вишлисте,save,god,great,learn,website,content,platform,movie,broken,simulation,age,gta,community,two,coming,facebook,fantasy,left,category,order,half,dog,art,open,run,file,share,graphic,popular,fun,big,well,installing,set,based,every,list,shooter,many,entertainment,check,control,vintage,gameplay,deal,come,page,title,indie,watch,mario,black,match,service,month,map,dragon,twitter,GamingSite
https://www.freegamesdl.net/,48,27,24,0,0,0,0,10,0,7,0,3,8,5,2,0,1,1,1,0,0,0,0,0,0,0,0,2,0,0,0,0,0,1,2,2,0,0,0,1,5,0,0,0,0,0,0,2,1,0,0,0,0,0,0,1,0,0,0,1,0,0,0,0,0,1,1,0,0,0,1,1,0,0,0,1,0,0,0,5,0,0,0,0,0,0,0,0,1,0,0,0,0,0,0,0,1,0,0,0,0,2,1,0,0,0,0,0,0,0,0,0,0,1,0,0,0,1,0,0,0,1,1,0,2,0,0,0,0,0,0,0,0,0,0,0,0,0,0,0,0,0,0,0,3,1,0,0,0,0,0,0,1,0,0,0,2,0,0,0,0,1,0,1,0,1,2,0,0,0,0,1,0,0,0,0,0,1,0,0,0,0,4,0,0,0,0,0,0,0,0,0,0,0,0,0,0,0,0,0,0,1
http://ukresistance.co.uk/,11,0,0,1,0,0,2,0,2,0,9,5,0,4,6,0,1,2,0,1,12,0,0,0,0,2,0,4,1,1,1,2,3,1,0,0,0,0,0,0,1,0,0,0,0,0,0,0,0,17,1,0,5,0,1,1,0,1,1,0,4,0,0,0,0,0,0,7,0,0,0,0,1,0,3,0,0,3,1,0,0,0,0,0,0,0,0,0,0,0,1,0,0,5,0,0,0,0,1,0,2,0,0,0,0,0,0,0,0,0,0,0,0,0,0,1,0,0,0,3,0,0,0,0,0,0,1,0,3,0,1,0,0,0,0,0,0,1,0,0,0,0,0,1,0,0,0,0,0,0,0,0,0,3,0,0,0,1,0,1,0,1,0,0,0,0,1,0,1,0,0,0,0,0,0,0,0,2,1,1,0,0,0,0,0,1,0,0,1,0,0,0,1,3,0,0,0,1,0,0,0,1
https://www.grabon.in/olacabs-coupons/,0,20,1,15,0,2,11,3,0,0,1,2,0,7,13,6,72,0,0,1,68,0,0,0,0,0,0,1,0,4,0,0,0,0,0,0,0,0,0,2,6,7,7,1,2,0,0,0,4,2,7,4,0,4,14,3,0,1,5,3,35,0,14,1,0,2,0,0,0,20,4,0,0,0,0,1,1,1,37,0,10,15,0,3,1,0,3,0,1,3,3,0,0,1,0,2,0,37,0,0,12,3,0,0,2,6,0,0,31,1,1,3,0,0,0,2,0,0,0,0,0,0,7,0,3,0,1,2,6,0,1,0,0,0,0,0,0,20,0,0,0,0,0,10,0,2,0,2,0,1,2,0,0,0,0,0,1,0,1,0,2,10,2,0,0,0,3,1,0,16,0,3,0,4,2,0,0,3,6,2,0,0,0,0,0,0,0,28,2,4,0,0,1,0,0,0,7,4,0,0,0,0
https://armorgames.com/,37,1,0,17,0,0,1,1,0,6,2,0,14,0,1,0,0,3,2,0,0,1,0,8,0,0,2,0,0,0,0,0,0,0,11,15,0,12,0,0,0,0,0,0,1,0,0,0,0,1,1,0,0,0,0,0,0,0,0,0,0,0,1,0,0,0,2,0,0,0,0,3,0,0,0,1,0,0,0,4,0,2,0,1,1,0,1,0,0,4,0,0,0,1,0,1,0,0,0,0,0,0,2,6,2,0,0,8,3,1,0,1,0,1,0,0,0,0,0,0,3,0,1,1,0,1,0,0,1,3,0,0,0,3,0,0,1,0,1,0,0,0,0,8,1,0,4,1,0,6,0,0,0,2,0,1,0,0,1,6,0,2,0,0,0,0,0,0,0,0,0,1,0,1,0,0,0,0,0,0,0,0,0,0,0,0,0,0,0,0,0,0,0,0,2,0,1,0,0,1,1,1
https://www.miniclip.com/games/en/,45,6,2,6,0,13,0,1,0,5,0,2,1,0,1,1,1,0,6,3,0,5,0,8,3,0,0,1,1,0,0,0,0,0,1,5,0,0,0,0,1,0,0,0,4,0,0,1,2,0,1,6,0,1,1,1,0,0,0,0,3,0,4,0,0,1,0,0,0,0,0,3,0,0,0,1,0,0,1,0,0,0,0,7,6,0,3,0,0,0,0,0,0,0,0,7,1,0,0,0,2,0,1,0,0,0,1,0,0,0,1,0,0,0,0,1,0,1,0,0,5,6,2,0,1,0,0,1,0,0,0,0,0,0,0,0,0,0,0,0,0,0,0,0,0,0,1,2,0,1,0,0,1,0,0,0,0,0,2,1,0,2,0,0,0,0,0,0,0,0,0,0,2,1,0,0,0,0,0,0,0,1,0,1,0,0,0,0,0,2,0,0,0,0,0,0,0,0,0,0,1,1
https://www.bigfishgames.com/pc-games/,74,1,0,11,1,3,0,0,0,6,1,1,8,0,6,3,4,0,0,0,0,0,0,5,0,0,0,0,0,1,0,4,0,0,7,8,0,1,0,0,1,0,5,0,9,15,0,0,5,0,1,0,1,0,8,2,0,0,0,1,3,1,2,0,2,0,1,0,0,1,0,0,0,0,0,7,1,0,1,0,0,0,0,11,2,0,3,3,0,0,0,0,0,0,0,1,0,0,0,0,0,1,6,1,0,0,0,1,2,0,3,1,0,0,0,1,0,0,0,3,0,0,0,0,0,0,1,4,0,0,0,0,0,0,0,0,0,2,5,0,0,0,0,0,0,0,5,0,0,0,0,1,0,0,0,1,0,0,1,1,0,0,0,0,0,0,0,0,4,1,0,1,2,13,0,0,0,0,1,0,0,0,0,2,0,0,1,2,0,0,0,0,0,0,0,7,1,0,1,0,1,1
https://www.theguardian.com/international,3,0,0,4,4,11,6,4,0,0,11,18,0,3,4,5,7,7,1,14,1,2,0,0,0,4,4,1,0,4,0,0,0,1,0,0,0,2,0,0,0,0,3,0,1,11,0,0,8,3,0,0,4,7,0,1,7,1,2,1,1,4,4,0,0,7,3,0,0,1,4,2,0,0,3,7,0,0,10,0,0,2,0,0,4,0,2,1,0,0,5,0,0,0,1,3,1,3,0,0,2,0,0,0,7,0,1,0,11,1,0,6,0,0,0,0,0,0,2,0,0,7,1,0,0,0,0,2,0,0,2,0,0,3,0,0,0,1,2,0,0,0,0,0,0,0,0,2,1,0,0,0,0,0,0,2,3,0,2,0,2,0,2,0,0,1,6,2,0,5,0,0,0,1,0,0,1,0,0,0,0,0,0,0,2,0,0,3,1,0,3,0,0,0,2,2,0,0,0,0,2,0
https://www.4chan.org/,7,1,0,0,0,0,0,1,0,0,2,1,0,0,0,0,1,0,0,4,1,0,0,0,0,0,0,1,0,0,0,0,0,0,0,0,0,0,0,0,1,0,0,0,0,2,0,0,0,0,1,0,0,2,0,0,0,0,0,0,1,0,1,0,0,0,0,0,0,0,0,0,0,0,0,1,0,5,0,0,1,0,0,0,0,0,0,0,0,1,0,0,0,1,0,0,1,0,0,0,0,0,0,0,1,0,0,1,0,1,0,2,0,0,0,0,0,0,1,0,0,2,0,0,0,0,0,0,0,0,0,0,0,0,0,0,0,0,1,0,0,0,0,0,0,0,1,0,1,0,0,0,0,0,0,2,0,0,0,0,0,0,0,0,0,0,0,0,0,1,1,1,0,0,0,0,0,1,0,0,0,0,0,0,0,0,0,0,0,0,0,0,0,0,0,0,0,0,0,0,0,0
https://www.reddit.com/,0,1,0,0,0,0,1,0,0,1,2,1,0,1,2,1,2,0,0,0,0,0,0,1,0,1,0,0,0,1,0,0,0,1,0,0,0,0,0,0,0,13,0,0,2,0,0,0,0,0,0,0,1,1,0,0,0,0,0,0,0,0,2,0,0,0,0,0,0,0,1,1,0,0,0,0,0,0,0,0,0,0,0,0,2,0,1,0,0,0,0,0,0,0,0,1,0,0,0,0,1,1,0,0,0,0,0,0,1,0,0,0,0,0,0,0,0,0,0,0,0,0,1,0,2,0,0,0,0,0,1,0,0,2,1,0,0,0,1,0,0,0,0,0,0,0,1,0,2,0,1,0,0,0,0,0,1,0,0,0,0,0,1,0,0,0,0,0,0,0,0,0,0,0,0,0,0,0,0,0,0,0,0,0,0,0,0,0,0,0,0,0,0,0,0,0,0,0,0,0,0,0
https://www.aspyr.com/,4,0,0,0,0,0,0,0,0,0,0,0,0,1,0,0,1,0,0,0,0,0,0,0,1,0,0,0,0,0,1,0,1,0,0,0,0,0,0,2,0,0,0,0,0,0,0,0,2,0,0,0,0,0,0,0,0,0,0,0,0,0,0,0,0,0,0,0,0,0,0,0,0,0,0,1,0,0,0,0,0,0,0,1,0,0,0,0,0,0,0,0,0,0,0,1,2,0,0,0,0,0,0,0,0,0,0,0,0,0,0,2,0,0,0,0,0,0,0,0,0,0,1,0,0,0,0,0,0,0,0,0,0,0,0,0,0,0,0,0,0,0,0,0,0,0,0,0,0,1,0,0,0,0,0,0,0,0,0,0,0,0,0,0,0,0,0,0,0,0,0,0,0,0,0,0,0,0,0,0,0,0,0,0,0,0,0,0,0,0,0,0,0,0,0,0,0,0,0,0,0,1
https://blog.counter-strike.net/,3,2,0,5,0,2,0,0,1,0,1,0,0,4,3,1,8,0,20,1,0,0,0,0,0,2,1,6,0,1,0,0,0,0,0,0,1,0,0,35,0,0,1,0,0,0,0,0,0,6,0,0,0,4,0,0,0,1,4,0,0,1,1,2,5,0,0,0,0,2,2,0,0,0,0,0,2,1,0,0,1,0,1,0,0,0,0,0,0,0,3,9,0,1,1,0,0,0,0,0,1,1,0,0,2,1,2,0,0,0,0,3,0,0,0,1,0,0,0,0,0,0,1,0,0,0,3,0,0,0,2,0,17,0,1,0,0,0,0,0,0,0,0,0,0,0,1,0,1,0,0,0,0,0,0,4,1,0,0,0,0,0,3,0,0,0,1,0,0,0,0,0,0,0,2,0,1,0,0,0,0,0,0,0,0,0,0,1,1,1,0,0,2,0,0,6,0,1,1,0,0,1
https://www.kongregate.com/,53,6,5,6,0,37,7,0,0,4,0,2,4,1,0,0,7,4,0,0,0,0,1,6,0,2,0,1,1,0,0,0,0,2,3,3,0,0,4,0,0,0,9,2,3,0,0,5,1,1,1,0,0,1,3,2,0,0,0,0,5,7,1,0,0,1,0,0,0,0,0,1,0,0,1,0,3,0,1,3,0,0,0,0,3,0,2,2,0,2,0,2,0,1,0,2,1,0,0,0,1,0,0,10,1,4,0,6,2,0,2,4,0,0,0,0,0,3,0,2,3,3,4,0,0,7,1,4,1,0,0,0,2,0,0,0,1,0,2,0,0,0,0,1,1,0,7,0,2,3,0,0,0,1,0,1,2,0,2,1,0,3,0,0,0,1,1,0,0,0,0,0,0,0,0,0,0,3,0,0,3,0,0,1,0,0,0,0,0,0,0,0,0,0,0,2,1,2,0,1,1,1
https://www.nearbuy.com/delhi-ncr,0,2,1,4,0,1,1,0,0,0,0,3,0,0,2,2,0,0,0,0,0,0,1,0,0,0,0,0,0,0,0,0,0,0,0,0,0,0,0,0,0,0,0,0,3,0,0,0,5,0,0,2,0,1,2,2,1,0,1,1,0,0,1,0,0,2,0,0,0,0,1,0,0,0,0,1,0,0,0,0,1,1,0,0,1,0,2,1,0,0,1,0,0,0,0,0,1,0,0,0,0,0,0,0,0,1,0,0,3,0,0,0,0,0,0,0,0,0,0,0,0,0,3,0,1,0,0,2,1,0,1,0,2,0,0,0,0,0,0,0,0,0,0,0,0,0,0,0,0,0,2,0,0,0,0,0,0,0,1,0,0,0,0,0,0,0,1,0,0,0,0,0,0,0,0,0,0,1,3,1,0,0,0,0,0,0,0,0,0,0,0,0,0,0,0,0,2,0,0,0,1,0
https://adventuregamers.com/,46,0,0,11,31,3,1,17,0,1,2,2,45,1,5,3,2,0,0,2,0,1,3,2,4,5,8,3,0,0,2,5,2,1,0,3,11,2,2,1,0,0,1,0,7,0,0,0,4,0,8,0,0,1,0,0,1,3,1,1,3,0,1,1,0,0,6,2,0,5,1,0,1,1,0,1,0,1,2,0,2,2,0,1,2,0,0,0,0,4,1,4,0,1,0,1,1,0,1,0,0,1,1,0,0,4,2,1,0,3,0,1,0,0,0,0,0,0,0,4,0,0,1,1,0,0,0,2,0,1,1,0,0,0,2,0,0,0,1,0,0,0,0,0,0,0,0,0,0,1,0,0,0,0,0,5,0,4,1,1,0,0,0,0,0,0,1,0,0,0,1,2,0,0,1,0,1,4,0,3,0,1,0,0,0,0,3,0,0,0,2,1,1,0,0,1,0,0,0,2,1,1
https://www.olx.in/,0,1,0,0,0,0,2,0,2,0,0,0,0,0,0,0,0,0,0,1,0,0,0,0,0,0,0,0,0,0,0,0,0,0,0,0,0,0,0,0,0,0,1,0,0,0,0,0,0,0,0,1,0,0,0,0,0,0,1,0,0,0,0,0,0,0,0,0,0,0,1,0,0,0,0,0,0,0,0,0,0,1,0,0,0,0,0,0,0,0,0,0,0,2,0,1,0,0,0,0,0,0,0,0,0,0,0,0,1,0,0,0,0,0,0,0,0,0,0,0,0,1,0,0,0,0,0,0,0,0,0,0,0,0,0,0,0,0,0,0,0,0,0,0,0,0,0,0,0,0,0,0,0,0,0,1,0,0,0,0,0,0,0,0,0,0,0,0,0,0,0,0,0,0,0,0,0,0,0,0,0,0,0,0,0,0,0,0,0,0,0,0,2,0,0,0,0,5,0,0,0,0
https://hangar13games.com/,2,1,0,5,0,0,0,1,0,0,0,0,0,0,3,0,1,0,0,0,0,0,0,0,0,1,0,0,0,0,0,0,0,0,0,0,0,0,0,2,0,0,0,0,0,0,3,0,0,3,0,0,0,1,0,0,0,0,0,0,0,0,0,0,0,4,0,0,0,0,0,0,0,1,0,0,0,0,0,0,0,0,0,0,1,0,0,0,0,0,0,0,0,0,0,0,0,0,1,0,0,0,0,0,0,0,0,0,0,0,0,0,0,1,0,0,0,0,0,0,0,0,0,0,0,0,0,0,0,0,0,0,0,0,0,0,0,0,0,0,0,0,0,0,0,0,1,0,0,0,0,0,0,0,0,0,3,0,0,0,0,0,0,0,0,0,0,0,0,0,0,0,0,0,0,0,0,0,0,0,0,0,0,1,0,0,0,0,1,0,0,0,0,0,0,0,0,0,0,0,0,1
http://www.indianrailways.gov.in/,0,0,0,0,0,0,1,0,0,2,0,0,0,0,1,0,0,0,0,0,1,0,0,0,0,2,0,0,0,0,0,0,0,0,0,0,0,0,0,0,0,0,0,3,0,0,0,0,0,0,1,0,0,1,0,0,0,0,0,1,0,0,0,0,0,0,0,0,0,0,0,0,1,0,0,1,0,0,0,0,0,0,0,0,1,0,1,1,0,1,0,0,0,0,0,1,0,0,0,0,0,0,0,0,0,0,1,0,0,2,0,0,0,0,0,1,0,0,0,0,0,0,0,0,0,0,0,0,0,0,0,0,0,0,0,0,0,0,1,0,0,0,0,0,0,0,0,1,1,0,0,0,0,0,0,0,0,0,0,0,0,0,0,0,0,0,0,1,0,0,0,0,0,0,0,0,0,0,0,1,0,0,0,0,0,0,0,0,0,0,0,0,0,0,0,0,3,0,0,0,0,0
https://kotaku.com/,15,1,0,11,1,2,1,2,0,0,2,2,1,2,3,5,1,0,3,4,0,0,0,4,0,4,1,1,1,3,0,0,0,4,0,0,0,0,0,1,0,0,2,1,0,0,0,0,0,1,0,1,1,1,0,0,0,1,1,0,1,4,1,0,1,1,0,0,0,0,1,0,0,1,0,0,0,0,3,0,0,0,0,0,1,0,0,2,1,1,1,0,0,0,1,1,0,1,2,0,2,1,0,0,2,0,0,0,0,0,0,1,0,0,0,1,0,0,0,0,0,0,0,0,0,0,4,0,0,0,0,5,1,0,0,0,1,0,0,0,0,0,0,1,0,1,0,1,0,1,0,0,0,0,0,0,1,0,1,0,1,0,0,0,0,1,1,1,0,0,0,2,1,3,0,0,0,3,2,3,0,2,0,1,0,0,0,5,0,0,0,0,1,7,0,1,0,1,2,0,2,1
https://gtadownload.org/,9,1,5,1,0,0,0,0,0,1,2,0,0,0,2,0,0,0,1,0,0,0,1,3,0,0,0,0,9,0,0,2,0,0,0,0,0,0,0,0,1,0,0,1,0,1,0,0,0,0,1,0,0,0,0,0,0,4,0,0,0,0,0,0,0,0,0,0,0,1,0,0,0,0,0,0,0,1,0,0,24,0,0,0,0,0,0,3,0,0,0,0,25,0,18,0,4,0,0,0,1,0,0,0,0,0,4,0,4,0,0,0,0,0,0,0,0,0,0,0,0,0,0,0,0,0,0,0,0,0,0,0,0,0,0,0,0,0,0,0,0,0,0,0,0,0,0,0,0,0,0,0,0,0,11,0,0,0,2,0,0,0,0,0,0,0,0,0,0,0,0,0,0,0,1,0,1,0,0,1,0,2,0,0,0,0,0,0,1,0,0,0,0,0,0,0,0,0,0,0,2,1
https://store.steampowered.com/,24,11,0,6,5,9,2,1,0,12,3,11,10,0,3,1,0,9,0,1,0,0,0,2,1,0,0,1,0,10,0,5,0,1,19,0,0,0,1,0,0,1,11,1,4,2,3,7,0,1,0,1,1,3,2,3,0,0,1,5,0,0,0,2,1,1,1,0,0,1,2,1,0,1,0,5,1,1,2,12,2,1,0,0,2,0,1,0,0,4,0,26,2,2,3,2,0,3,2,0,1,2,1,0,1,1,0,1,1,0,0,3,0,0,0,0,0,0,0,0,12,3,1,0,0,1,11,6,4,1,1,0,0,2,0,0,2,4,0,0,0,0,0,1,0,3,2,2,4,1,0,0,9,0,0,2,0,1,0,0,0,2,0,0,0,2,6,0,0,0,2,3,3,0,1,0,1,6,0,1,2,0,0,2,2,0,1,5,1,0,2,9,0,0,0,0,0,0,0,0,0,1
https://getgamez.net/,0,0,0,0,0,0,0,0,0,0,0,4,14,0,1,0,0,1,0,0,0,0,1,0,0,0,0,0,0,0,0,0,0,0,15,0,0,0,0,0,0,0,0,1,0,0,0,1,0,0,0,0,0,0,0,0,0,0,0,0,0,0,0,0,0,0,0,0,0,0,0,0,0,0,0,0,0,0,0,11,0,0,0,0,0,0,0,0,0,0,0,0,0,0,0,0,0,0,0,5,0,0,0,0,0,0,0,0,0,0,0,0,0,0,0,0,0,0,0,0,0,4,0,0,0,0,0,0,0,1,0,0,0,0,0,0,0,0,0,1,0,0,0,0,0,0,0,0,0,0,0,1,11,1,0,1,0,0,0,1,0,0,0,0,0,0,0,0,0,0,0,0,0,0,0,0,0,0,0,0,0,0,0,0,0,0,0,0,0,1,0,16,0,0,0,0,0,0,0,0,0,1
https://github.com/,0,3,0,4,4,0,1,8,0,2,0,3,0,1,2,0,4,0,0,0,0,0,1,0,2,0,0,0,0,1,0,0,0,0,0,0,0,0,3,8,3,0,1,0,0,0,7,0,3,0,0,0,1,2,0,3,0,0,2,0,0,0,6,0,0,2,2,0,0,1,0,0,0,0,0,2,2,0,0,0,0,0,1,0,0,0,3,4,0,0,1,0,0,0,0,3,4,10,2,0,0,4,0,0,0,1,0,0,0,0,0,2,0,0,0,0,0,0,1,2,0,0,0,0,3,8,3,9,0,0,13,0,1,0,0,0,1,1,3,0,0,0,0,0,0,0,8,0,1,5,0,0,0,0,0,7,0,0,0,0,0,0,0,0,0,0,5,0,0,2,0,0,0,0,0,0,0,0,1,0,0,0,0,1,1,0,0,0,0,0,0,0,1,0,0,0,4,0,0,0,0,0
https://repack-games.com/,28,55,50,0,0,0,11,0,40,11,0,2,1,0,0,0,0,2,0,0,0,0,0,0,0,0,1,5,0,0,0,0,0,0,0,0,0,0,0,0,1,2,0,0,0,7,1,0,0,0,1,0,0,0,0,0,0,0,0,0,0,11,0,0,0,0,0,0,0,0,0,0,0,0,0,1,0,0,0,0,6,0,0,0,0,0,0,0,0,0,0,0,6,0,3,0,2,0,0,0,0,0,0,0,0,0,0,0,0,0,0,0,0,0,0,0,0,0,0,0,2,0,0,0,0,0,0,0,0,0,0,0,0,0,0,0,0,0,0,0,0,0,0,0,0,0,0,0,0,0,0,0,3,1,6,0,0,0,1,1,0,0,0,0,0,0,1,0,0,0,0,0,0,0,0,0,0,0,0,0,0,0,0,0,0,0,0,0,0,1,0,0,0,0,0,0,0,16,0,0,1,1
https://ayaangaming.blogspot.com/2019/02/how-to-download-gta-v-in-94-mb-for-pc.html,19,4,25,0,0,5,0,0,0,4,0,0,2,2,1,1,4,0,0,1,5,0,4,2,1,0,0,1,6,1,0,0,0,1,0,0,0,0,0,0,6,0,1,11,0,0,5,0,2,0,1,0,0,0,0,0,0,0,0,0,1,0,1,0,0,1,0,0,0,0,3,0,0,0,0,0,0,9,0,0,20,0,0,7,0,0,2,3,0,1,1,0,20,1,18,0,0,0,0,0,0,0,0,0,0,0,1,0,1,0,0,0,0,0,0,0,0,0,0,4,0,0,0,0,1,3,0,0,0,0,2,0,0,1,0,0,0,0,0,0,0,0,0,0,0,2,0,0,1,2,0,0,0,0,18,0,0,0,2,0,0,1,0,0,0,0,0,0,12,2,1,1,0,0,0,0,0,0,0,0,0,0,0,0,0,0,1,0,0,0,0,0,1,0,0,0,0,0,0,0,2,1
https://itch.io/,47,2,0,2,0,3,2,1,0,16,0,4,13,1,5,0,1,0,1,0,0,1,1,1,0,3,0,0,0,7,0,1,0,3,3,3,0,1,1,1,1,1,1,0,1,2,1,0,0,0,2,0,2,0,5,1,0,0,2,2,1,3,1,2,0,2,5,0,0,0,2,1,1,4,1,0,0,2,0,5,0,0,0,0,0,0,0,0,0,2,2,0,0,2,0,1,0,0,0,0,0,3,1,1,3,0,0,0,1,0,0,0,0,0,1,0,0,2,0,0,1,0,0,0,3,1,2,0,0,0,0,0,0,2,0,0,2,0,0,0,0,0,0,3,1,2,0,0,1,0,0,0,2,0,0,0,0,1,0,3,0,0,0,0,0,5,0,1,0,1,0,0,0,0,1,0,5,3,3,0,3,0,0,0,0,0,0,0,0,1,0,3,0,0,0,0,0,2,1,0,0,1
https://web.mit.edu/,0,0,0,18,0,0,0,0,0,0,2,1,0,0,0,0,0,0,0,0,0,0,1,0,17,0,0,0,0,0,0,0,0,0,0,0,0,0,0,0,0,0,0,0,1,0,0,0,2,0,0,0,3,0,0,0,0,0,0,0,0,0,0,0,0,0,1,0,0,0,0,0,0,0,0,0,0,0,0,0,0,0,0,0,0,0,1,0,0,0,1,0,0,0,0,1,1,0,0,0,0,0,0,0,0,0,0,0,0,0,0,0,0,0,0,0,0,0,0,0,0,0,0,0,0,0,0,0,0,0,0,0,1,0,0,0,0,0,0,0,0,0,0,0,0,0,0,1,1,0,0,0,0,0,0,0,0,0,1,0,0,0,0,0,0,0,17,0,0,1,0,0,0,0,0,0,0,0,0,0,0,0,0,0,0,0,0,0,0,0,0,0,0,0,0,0,0,0,1,0,1,0
https://www.gameplanet.co.nz/,25,4,0,21,45,8,5,0,1,1,34,2,5,5,2,1,5,5,3,5,0,4,2,0,0,7,9,2,2,1,2,15,4,3,1,0,37,2,4,3,1,0,6,0,1,1,1,1,1,1,3,0,2,3,0,1,8,8,0,0,0,2,0,1,0,0,5,4,0,9,3,1,1,5,8,1,0,0,2,0,0,6,1,0,2,0,0,1,6,0,2,0,0,5,0,1,1,1,2,12,0,3,0,1,0,3,6,0,3,6,0,0,6,1,1,0,8,0,0,2,1,1,0,0,0,3,1,0,4,0,5,0,2,0,5,0,0,3,0,0,0,0,0,0,0,3,0,0,3,1,1,0,0,0,0,0,1,2,0,3,1,0,8,0,1,0,0,0,0,0,0,2,0,0,0,0,0,3,1,0,3,0,2,0,2,0,6,3,1,0,1,1,2,0,1,0,0,3,0,0,0,1
https://www.iwin.com/home?NMR=1,33,89,11,9,0,53,2,0,0,1,0,2,14,2,17,1,1,0,0,0,0,0,1,1,2,0,0,0,3,1,0,0,0,0,0,0,0,1,0,0,0,0,0,0,5,13,0,0,0,0,1,0,1,3,0,2,1,0,0,0,0,0,6,54,0,1,4,0,0,1,0,0,0,0,0,1,0,2,5,0,0,0,3,0,6,0,0,34,0,23,2,0,0,0,0,6,1,0,12,0,0,0,0,0,0,2,0,2,7,0,0,4,0,0,0,26,0,0,0,27,0,0,1,0,18,1,2,15,3,1,0,42,0,9,0,0,0,0,18,0,0,0,0,6,0,0,0,4,1,0,0,54,0,0,0,0,0,0,4,0,42,1,1,0,0,2,0,6,5,0,0,0,0,7,0,54,0,0,0,0,0,0,0,1,0,0,0,0,0,0,0,0,0,0,0,7,1,0,0,0,0,1
https://www.gog.com/,0,0,0,0,0,0,0,1,0,0,0,1,0,3,0,0,0,0,0,0,0,0,0,0,1,0,0,0,0,0,0,0,0,0,0,0,0,0,0,0,0,0,0,0,0,3,0,0,0,0,0,0,0,0,0,0,0,0,0,0,0,0,0,0,0,0,0,0,131,0,0,0,0,0,0,0,0,2,0,2,0,0,0,0,0,0,0,0,0,0,0,0,0,0,0,0,0,0,0,0,0,0,0,1,0,0,0,0,0,0,0,0,0,0,0,0,0,0,0,0,0,0,0,0,0,0,0,0,0,0,0,0,0,0,0,0,0,0,0,0,90,90,90,0,0,0,0,0,0,0,0,0,0,0,0,0,0,0,0,0,0,0,0,0,0,0,0,0,0,0,0,0,0,0,0,0,0,0,0,1,0,0,0,0,0,0,0,0,0,0,0,0,0,0,0,0,0,0,0,0,0,1
http://www.gamespy.com/,7,2,0,20,10,5,51,0,0,1,2,6,1,5,1,0,4,15,5,2,1,18,0,2,0,3,8,2,1,0,2,2,3,4,0,0,1,1,0,0,0,48,0,2,0,4,0,0,1,2,3,6,0,0,1,0,1,7,2,0,0,1,0,0,2,1,0,2,0,4,3,1,0,0,0,0,0,0,2,0,0,5,0,0,0,0,0,0,3,0,0,0,0,1,0,0,0,1,5,2,1,1,0,0,2,2,4,2,0,0,0,0,0,1,0,0,0,1,0,0,2,0,0,0,0,0,0,0,1,0,2,0,4,0,0,0,0,2,0,4,0,0,0,1,0,0,0,1,0,0,5,0,0,0,1,0,0,2,0,0,0,0,4,0,7,0,1,2,0,0,0,0,0,3,0,0,5,2,0,2,0,0,3,0,1,0,0,1,1,0,0,0,0,2,1,0,0,0,1,0,0,1
https://weather.com/en-IN/,0,0,0,0,0,0,0,0,0,0,0,0,0,0,0,0,0,0,0,0,0,0,0,0,0,0,0,0,0,0,0,1,0,0,0,0,0,0,0,0,0,0,0,0,1,0,0,0,0,1,0,0,1,0,0,0,0,0,0,0,1,1,1,0,0,0,1,0,0,0,0,0,0,0,0,0,0,0,1,0,0,0,0,0,0,0,0,0,0,0,0,0,0,0,0,0,0,0,0,0,0,0,0,0,0,0,0,0,1,0,0,0,0,0,0,0,0,0,0,0,0,0,0,0,0,0,0,0,0,0,0,0,0,0,0,0,0,0,0,0,0,0,0,0,0,0,0,0,0,0,0,0,0,0,0,0,0,0,0,0,0,0,0,0,0,0,0,0,0,0,0,0,0,0,0,0,0,0,0,0,0,0,0,0,0,0,0,0,0,0,0,0,0,0,0,0,0,0,0,0,0,0
https://www.nytimes.com/,1,0,0,9,0,1,2,1,0,0,1,0,1,4,7,1,5,0,0,1,1,1,0,3,0,4,4,2,0,1,0,0,0,0,0,1,0,0,0,1,1,0,1,0,0,0,0,0,0,1,1,0,3,1,0,2,0,1,1,0,3,2,2,0,1,1,1,0,0,3,1,1,0,0,2,1,0,0,1,0,0,0,0,0,1,1,0,0,0,0,0,0,0,0,1,0,0,0,1,0,1,2,0,0,2,0,1,0,0,1,0,0,0,0,1,0,0,1,0,0,0,0,1,0,1,0,0,0,0,0,0,0,2,1,0,0,0,0,0,0,0,0,0,1,0,1,0,0,0,1,0,0,0,0,0,0,2,0,0,0,0,0,0,0,0,1,1,0,0,0,1,1,0,0,0,0,0,0,0,0,0,1,0,0,0,0,0,0,0,1,0,0,1,0,2,0,2,0,0,0,0,0
https://www.beamdog.com/,7,0,0,2,0,1,0,0,0,0,2,0,0,0,0,0,0,0,0,1,0,0,0,1,0,0,0,0,0,0,0,0,0,0,0,0,2,2,0,1,1,0,0,0,0,0,0,0,0,0,0,0,1,0,0,0,0,0,0,1,0,0,0,0,0,0,0,0,0,0,0,1,0,0,0,0,0,0,0,0,0,0,0,0,2,0,1,0,0,0,0,0,0,0,0,2,0,0,0,0,0,0,0,0,0,1,0,0,0,0,0,1,0,0,0,0,0,0,0,0,0,0,0,0,0,1,0,0,0,0,0,0,0,0,1,0,0,0,0,0,0,0,0,0,0,1,1,0,0,2,0,0,0,0,0,0,0,1,0,0,0,0,0,0,0,0,0,0,0,0,0,0,0,0,0,0,0,0,0,0,0,0,0,0,0,0,0,0,0,0,1,0,2,0,0,0,0,0,0,0,0,1
https://www.sega.com/,18,5,13,2,0,7,17,0,47,1,1,1,1,4,13,1,1,12,1,3,0,1,1,1,0,11,0,0,0,1,12,1,10,0,1,1,6,2,0,0,0,0,1,1,0,0,0,2,0,2,3,4,0,2,0,2,4,0,3,2,10,9,5,0,1,2,0,10,0,0,1,1,4,0,0,0,0,1,3,0,0,1,0,0,3,3,5,0,2,0,0,3,0,1,1,2,0,0,0,0,0,0,1,4,8,1,1,0,0,0,0,2,0,1,0,0,0,0,0,0,0,1,3,0,0,1,1,0,14,0,0,0,2,2,0,0,0,0,0,0,0,0,0,0,0,2,2,14,1,16,0,0,0,1,0,1,2,4,12,0,0,0,5,0,0,0,0,1,0,1,0,1,0,0,1,0,0,0,0,0,0,1,2,3,4,0,0,0,0,5,1,0,1,2,0,0,1,3,0,2,13,1
https://appmirror.net/games/arcade/god-of-war/,4,1,4,2,0,1,0,0,0,0,0,0,1,1,2,1,0,9,1,0,0,0,0,0,0,0,2,0,4,0,0,0,0,0,0,1,0,1,1,0,0,0,0,0,0,1,0,1,2,0,1,0,0,0,0,0,0,0,0,0,1,0,2,0,0,1,2,0,0,0,0,5,0,0,0,0,0,0,1,0,3,2,0,3,2,0,0,0,0,0,0,0,3,0,3,1,2,0,0,0,1,0,1,0,0,0,1,0,3,0,0,1,0,0,0,0,0,0,0,0,0,0,1,0,0,0,0,0,1,0,0,0,0,0,1,0,0,0,0,0,0,0,0,0,9,1,0,1,0,0,0,0,0,0,2,0,3,0,0,0,0,2,0,0,0,0,0,0,2,0,1,1,0,0,2,0,0,1,0,0,0,0,1,0,0,0,0,1,0,0,0,0,0,0,0,0,1,0,0,0,0,1
https://toomkygames.com/,128,32,16,9,0,25,4,0,0,1,2,6,9,4,19,3,3,2,0,0,0,0,0,23,1,0,0,0,0,0,0,0,0,0,7,6,0,2,0,0,2,0,3,0,2,3,0,10,4,0,1,1,0,0,3,8,0,0,4,0,0,0,4,2,2,3,0,0,0,0,3,1,4,0,0,3,0,0,0,0,0,4,0,0,2,2,1,0,2,0,10,0,0,0,0,2,2,0,0,0,6,3,5,0,0,0,0,0,2,0,0,0,0,0,0,0,0,2,2,0,0,3,0,0,6,0,0,0,0,2,0,0,1,0,2,0,0,4,0,0,0,0,0,0,2,1,1,2,0,0,0,0,0,1,0,0,0,0,0,0,0,9,0,0,0,1,0,0,0,0,0,2,4,0,0,0,0,0,0,0,2,0,0,0,0,0,0,0,0,2,0,0,0,0,0,3,0,0,0,0,0,1
http://www.nextgenplayer.com/,10,0,0,0,7,0,1,4,0,0,0,0,0,2,0,2,0,0,1,0,0,0,1,0,0,2,1,0,1,1,1,1,3,0,0,0,0,0,0,0,0,2,0,2,3,0,0,0,1,13,2,0,0,0,0,1,0,0,0,0,0,0,0,2,0,1,1,3,0,0,4,0,0,0,0,1,0,1,0,0,0,1,0,0,1,0,0,0,1,1,1,0,0,1,0,1,3,0,0,0,2,0,0,0,0,0,0,0,0,0,0,0,0,1,0,0,0,0,0,0,0,0,0,0,0,0,0,0,0,0,0,0,0,0,0,0,0,0,0,0,0,0,0,0,0,0,0,0,1,0,0,0,0,0,0,0,1,0,0,0,0,0,0,0,0,0,0,0,0,0,1,0,0,0,0,0,0,0,0,0,0,0,0,1,0,0,1,0,1,0,1,0,0,0,0,0,0,0,0,0,3,1
https://otorrents.com/,7,0,4,1,0,0,1,0,0,0,0,0,0,0,0,0,0,0,0,0,0,0,0,0,0,0,0,0,0,0,0,0,0,0,0,0,0,0,0,0,0,0,0,0,0,0,0,0,0,0,3,0,0,0,0,0,0,0,0,0,0,0,0,0,0,0,1,0,0,0,0,0,0,0,0,2,0,0,1,0,0,1,0,0,0,0,0,0,0,0,0,0,0,0,0,0,1,0,0,0,0,0,0,0,0,0,2,0,0,0,0,0,0,0,0,0,0,0,0,0,0,0,0,0,0,0,0,0,0,0,0,0,0,0,0,0,0,0,0,1,0,0,0,0,0,0,0,0,0,0,2,0,0,0,0,0,0,1,1,0,0,0,0,0,0,0,1,0,1,0,0,1,0,0,0,0,0,0,0,0,0,0,1,0,0,0,0,0,0,0,0,0,0,0,1,0,0,0,0,0,1,0
https://www.activision.com/,17,0,0,8,2,9,2,36,0,0,1,3,0,12,4,2,5,6,4,0,0,0,0,3,0,2,0,1,1,0,7,5,5,0,4,0,1,0,2,13,0,1,1,4,0,0,0,9,2,3,1,1,1,7,0,1,5,7,2,1,13,5,1,1,0,2,5,7,0,5,3,0,1,0,30,2,0,0,0,0,0,8,4,0,3,0,4,2,5,0,1,1,0,1,10,2,1,0,1,0,2,1,0,0,2,3,0,0,0,21,0,10,21,7,0,1,28,2,0,0,0,0,3,0,0,1,0,3,0,0,3,0,0,0,1,0,0,4,2,0,0,0,0,1,0,1,0,0,1,2,0,0,0,0,0,5,3,3,3,0,6,0,5,0,0,2,0,0,0,0,0,1,2,0,1,0,0,0,0,0,0,1,0,3,0,0,0,0,0,3,0,0,1,0,3,0,3,0,0,6,2,1
https://worldofpcgames.co/,73,60,74,0,0,0,9,0,40,14,0,7,1,1,0,0,0,1,0,0,0,0,8,0,2,27,1,1,7,0,0,0,0,0,1,0,0,0,0,0,0,0,0,0,0,1,0,0,0,0,2,0,0,0,0,0,0,0,0,0,0,0,0,0,0,0,0,0,0,0,0,1,0,0,0,1,0,0,0,0,0,0,0,1,2,0,0,0,0,1,0,0,0,0,0,2,2,0,0,0,0,0,0,0,0,0,0,1,0,0,0,0,1,0,0,0,0,0,0,0,1,0,0,0,0,0,0,0,0,0,0,1,0,0,0,0,0,0,0,0,0,0,0,0,0,0,0,0,0,0,0,0,0,0,2,0,0,0,2,0,0,0,0,0,2,0,0,0,0,1,0,1,0,0,0,0,0,0,0,1,0,0,0,0,1,0,0,0,0,1,0,0,1,0,1,0,0,5,0,1,1,1
https://play-best-games.com/,42,1,0,3,0,5,2,0,11,5,0,5,1,4,7,6,5,4,1,0,1,0,1,1,0,0,3,1,0,7,0,1,0,0,1,2,0,1,1,0,3,1,1,1,1,0,0,1,2,2,0,0,0,1,0,3,0,1,3,0,1,11,0,2,0,2,1,0,0,2,1,1,1,0,0,0,0,0,0,1,0,2,0,1,1,1,1,0,0,0,0,0,0,4,2,2,0,0,1,0,5,1,3,1,0,0,1,0,2,0,0,0,0,0,0,0,0,2,0,2,2,2,1,0,0,1,0,0,0,0,0,0,2,1,0,0,3,0,4,1,0,0,0,2,0,4,1,0,1,1,1,0,1,5,0,2,2,0,0,2,0,0,0,0,0,0,1,1,0,3,2,2,3,0,4,0,1,0,0,0,1,4,0,0,3,0,2,0,1,0,0,1,0,0,0,0,1,3,0,2,0,1
https://www.thehindu.com/,0,7,0,6,5,1,14,2,1,3,4,12,0,3,1,1,2,0,0,2,3,3,4,1,0,6,1,0,0,0,0,0,0,0,1,0,0,0,0,1,4,2,24,0,4,1,0,0,0,3,1,0,8,0,0,5,0,0,1,1,4,3,1,0,0,3,1,0,0,3,0,0,4,0,0,5,0,0,1,0,0,0,0,0,1,0,0,1,1,0,3,0,0,5,0,1,2,1,0,0,0,2,0,1,0,1,1,0,6,0,0,1,0,0,4,1,0,0,1,0,0,10,1,0,0,0,0,5,0,0,3,0,0,3,0,1,0,8,0,0,0,0,0,0,0,0,0,0,3,0,2,0,0,0,0,0,1,0,1,0,0,0,0,0,1,3,5,2,0,1,0,0,0,0,0,0,0,0,1,0,0,0,6,2,1,0,0,1,0,2,1,0,4,0,0,0,0,1,0,0,0,0
https://archive.org/details/classicpcgames,380,5,0,29,32,13,2,0,1,47,6,24,18,16,15,8,12,13,23,6,75,6,10,2,72,10,4,2,15,8,0,3,0,2,25,8,0,83,10,5,13,2,2,1,5,8,100,8,11,11,7,0,4,5,5,7,0,6,4,6,3,0,8,5,1,10,2,0,0,12,6,6,10,63,6,2,84,0,1,0,0,5,0,0,0,85,4,0,1,4,1,0,0,3,4,0,2,0,5,0,4,6,4,0,1,3,3,2,7,3,0,4,3,12,2,2,1,4,75,0,7,5,9,78,7,1,2,0,0,0,5,0,1,2,4,0,12,1,0,1,0,0,0,3,4,4,2,3,3,1,5,0,10,15,0,3,2,1,0,3,2,0,2,0,1,12,3,12,4,3,12,2,3,2,5,0,9,6,4,0,2,4,9,0,11,76,5,1,5,2,11,0,1,0,4,2,0,0,4,3,0,1
https://lite.pubg.com/download/,1,0,12,0,0,0,0,0,0,0,2,0,0,0,0,1,1,0,1,0,0,0,0,0,0,0,0,0,0,0,0,0,0,0,0,0,0,0,0,0,0,0,0,0,0,0,0,0,0,0,0,0,0,1,0,0,0,0,0,0,0,0,0,0,0,0,0,0,0,0,0,0,2,0,0,1,0,0,0,0,0,0,2,0,1,0,0,0,0,0,0,0,0,0,0,1,0,0,0,0,0,0,0,0,0,0,0,0,0,0,0,2,0,0,0,1,0,0,0,0,0,0,1,0,0,0,0,0,0,0,0,0,0,0,0,0,0,0,6,0,0,0,0,0,0,0,1,2,1,0,0,0,0,0,0,0,0,0,0,0,0,0,0,0,0,0,0,0,0,0,4,0,0,0,0,0,0,0,0,0,0,0,0,0,0,0,0,0,0,0,0,0,0,0,0,0,2,0,0,0,0,1
https://www.bestbuy.com/?intl=nosplash,6,2,0,2,0,2,4,0,0,0,0,0,0,6,0,13,1,0,0,2,0,0,0,0,0,0,0,0,0,0,1,0,1,2,0,0,0,0,0,0,0,2,1,0,1,0,0,0,0,0,3,2,0,1,4,0,4,1,1,1,1,0,0,0,0,0,0,1,0,1,1,0,1,0,0,16,0,0,3,0,0,0,0,1,0,1,2,0,1,0,0,0,0,0,0,1,0,0,0,0,0,0,0,0,0,1,0,0,0,0,0,5,0,0,0,0,0,0,0,0,0,0,4,0,0,0,0,1,11,0,0,0,0,0,0,0,0,0,0,0,0,0,0,2,0,1,1,0,1,0,2,0,0,3,0,0,0,0,0,0,0,0,3,0,0,0,7,0,0,0,1,0,0,1,0,0,1,1,1,0,0,0,1,2,1,0,0,5,0,0,0,0,1,0,0,3,1,0,0,0,0,0
https://www.makemytrip.com/,0,1,0,0,0,0,0,0,0,0,0,0,0,0,0,1,1,0,2,0,0,0,0,3,0,2,0,1,0,1,0,0,0,0,0,0,0,0,2,0,0,0,0,0,0,0,0,0,1,0,0,1,0,0,1,0,0,0,0,0,1,0,0,0,0,1,0,0,0,0,0,0,0,0,0,1,0,0,0,0,0,0,0,0,0,0,0,0,0,1,0,0,0,0,0,0,0,0,0,0,0,0,0,0,0,0,0,0,0,0,0,2,0,0,0,0,0,0,0,0,0,0,5,0,0,0,0,0,0,0,0,0,0,0,1,0,0,0,2,0,0,0,0,0,0,4,0,1,0,0,0,0,0,1,0,0,0,0,0,0,0,0,0,0,0,0,0,0,0,0,0,0,0,0,0,0,0,0,0,0,0,2,0,0,0,0,0,2,0,0,0,0,0,0,0,0,1,0,0,0,0,0
https://www.pubgmobile.com/en-US/,2,0,4,0,0,0,0,0,0,0,2,0,0,0,0,0,0,0,0,0,0,0,0,0,0,1,0,0,0,0,0,0,0,0,0,0,0,0,0,2,0,0,0,0,0,0,0,0,0,0,0,4,0,1,0,0,0,0,0,0,0,0,0,0,0,0,0,0,0,0,0,0,0,0,0,1,0,0,0,0,0,0,0,0,4,0,0,0,0,0,0,0,0,0,0,2,0,0,0,0,0,0,0,0,1,0,0,0,0,0,0,0,0,0,0,0,0,0,0,0,0,0,0,0,0,0,0,0,2,0,0,0,1,0,0,0,0,0,0,0,0,0,0,0,0,0,0,0,0,0,0,0,0,0,0,0,0,0,3,0,0,0,0,0,0,0,0,0,0,0,0,0,0,0,0,0,0,0,0,0,0,0,0,0,0,0,0,0,0,0,0,0,0,0,0,0,0,0,0,0,2,1
https://www.amazon.in/,3,5,1,1,0,0,0,0,0,0,0,0,0,0,0,6,2,0,0,4,0,0,0,0,0,0,0,0,0,0,0,1,0,0,0,0,0,0,0,0,0,1,3,0,2,0,1,0,2,0,0,1,0,0,1,2,0,1,0,2,0,0,1,0,0,0,0,0,0,0,3,0,0,0,0,5,0,0,1,0,0,0,0,0,0,1,1,0,3,0,1,0,0,0,0,0,0,0,0,0,1,2,0,0,0,1,0,0,0,0,0,0,0,0,0,0,0,0,0,0,0,1,1,0,2,0,1,5,2,0,0,0,0,0,0,0,0,1,2,0,0,0,0,1,0,0,0,0,2,0,2,0,0,0,0,0,0,0,0,0,0,2,1,0,0,1,0,0,0,0,0,1,0,0,0,0,0,1,0,2,0,0,0,0,0,0,0,6,0,6,0,0,1,0,0,0,3,0,0,0,0,0
https://downloadpcgames88.xyz/call-of-duty-modern-warfare-2-game-free-download/,42,23,23,1,0,2,0,0,0,2,0,1,1,1,2,6,0,1,15,1,1,3,8,0,0,0,2,0,7,1,0,1,0,0,1,0,0,0,1,0,0,0,1,2,1,0,0,2,1,1,0,0,0,1,0,0,2,0,0,0,0,0,2,0,0,0,0,0,0,2,0,0,0,0,24,0,0,1,0,0,1,2,0,0,1,0,0,1,0,3,0,0,1,0,0,0,0,0,1,0,4,0,0,0,0,0,0,0,1,14,0,0,21,0,0,0,24,1,0,0,2,1,1,0,0,0,0,0,0,0,0,0,0,0,1,0,17,0,0,0,0,0,0,0,0,0,0,2,0,0,0,0,0,0,1,0,0,0,0,0,0,0,0,0,0,0,3,0,2,0,0,0,0,0,0,0,0,0,0,2,1,1,0,0,0,0,1,0,0,0,1,0,0,0,0,0,0,0,1,0,0,1
https://www.4players.de/,14,1,0,2,0,2,1,0,0,32,8,4,19,20,1,0,0,6,0,40,0,3,1,2,0,0,11,2,0,0,13,5,7,1,0,1,24,1,0,3,0,0,0,14,11,6,2,0,0,0,0,1,0,0,0,0,32,0,0,0,0,0,0,0,13,0,5,6,0,0,0,0,0,1,2,2,0,0,1,0,0,0,13,4,0,0,0,0,0,0,0,0,0,0,1,0,0,5,0,3,0,0,5,0,0,0,0,13,0,3,0,0,2,6,68,0,2,3,0,0,0,2,0,0,0,0,4,0,0,2,0,16,1,0,0,0,0,0,0,14,0,0,0,0,2,0,0,0,0,1,0,0,2,0,0,2,0,0,2,5,0,0,2,0,1,0,1,1,0,0,0,0,1,0,3,0,0,0,0,0,8,0,1,0,0,0,1,0,0,0,0,0,0,7,1,2,1,0,0,7,2,1
http://www.jiit.ac.in/,6,0,3,1,0,0,2,21,0,1,1,2,0,2,4,6,0,0,0,0,0,0,0,3,0,8,0,5,0,3,0,0,0,0,0,0,0,0,0,0,0,1,1,1,1,0,0,0,0,0,0,2,3,1,3,1,0,0,0,9,0,1,0,0,0,0,0,0,0,1,0,0,5,0,2,3,0,1,0,0,0,0,0,0,2,13,5,2,0,14,0,0,0,0,0,0,12,0,0,0,2,0,0,0,1,1,0,0,2,1,0,0,0,0,0,0,0,0,0,0,0,13,0,0,0,0,0,0,0,0,0,0,3,0,4,0,0,2,4,0,0,0,0,0,0,0,0,0,1,1,0,0,0,0,0,0,1,0,1,0,0,3,2,0,0,25,0,0,0,0,0,0,1,0,2,0,0,2,0,6,0,1,0,0,0,0,0,0,0,1,0,0,0,0,0,0,1,0,0,0,0,0
https://warframe.market/,0,0,0,0,0,0,0,0,0,0,0,0,0,0,0,0,0,0,0,0,0,0,0,1,0,0,0,0,0,0,0,0,0,0,0,0,0,0,1,0,0,0,0,1,0,0,0,0,0,0,0,0,0,1,0,0,0,0,0,0,2,0,0,0,0,0,0,0,0,0,0,0,0,0,0,0,0,0,0,0,0,0,0,0,0,0,0,0,0,0,0,0,0,0,0,0,1,0,1,0,0,0,0,0,0,0,0,0,0,0,0,0,0,0,0,0,0,0,0,0,0,0,0,0,0,0,0,0,0,0,0,0,0,0,0,0,0,0,0,0,0,0,0,0,0,0,0,0,0,0,0,0,0,0,0,0,0,0,0,0,0,0,0,0,0,0,0,0,0,0,0,0,0,0,0,0,0,0,0,0,0,0,0,0,0,0,0,0,0,0,0,0,0,0,0,0,0,0,0,0,0,0
https://www.gamefront.com/,51,7,4,14,0,2,3,0,17,1,8,4,1,4,1,2,1,7,4,11,0,8,8,2,0,4,2,3,9,6,0,0,0,23,1,0,4,2,4,0,4,1,2,0,2,2,0,0,0,3,7,0,4,1,0,2,0,1,4,0,0,15,2,1,0,0,0,0,0,3,1,1,1,3,0,4,0,0,6,1,5,2,1,0,1,0,0,0,2,0,2,3,5,2,5,1,2,2,3,1,1,0,0,0,2,4,1,0,2,1,0,3,1,0,0,1,0,2,2,0,0,0,0,0,1,1,1,1,3,1,2,0,0,4,1,0,0,13,0,0,0,0,0,0,0,0,0,0,0,0,0,0,0,1,2,2,0,0,0,0,0,0,0,2,0,4,2,1,19,0,0,2,0,0,1,0,1,3,0,0,0,4,1,0,0,0,4,3,0,0,1,0,0,0,0,0,4,0,6,2,0,1
https://www.nintendo.com/,20,1,1,3,0,4,0,2,0,0,3,1,0,0,0,0,1,0,1,1,0,0,0,5,0,0,0,0,0,0,0,3,40,1,0,0,0,1,1,0,0,0,5,2,2,4,1,0,1,2,0,1,0,0,0,0,16,0,0,0,4,0,2,0,1,0,0,0,0,0,1,0,4,0,0,0,0,0,0,0,0,3,0,0,2,0,2,0,0,0,0,0,0,0,0,2,2,0,0,0,0,0,0,0,0,2,0,2,0,0,0,10,0,0,0,0,0,0,0,0,1,0,1,0,0,0,0,0,4,0,0,0,0,0,0,0,0,1,0,0,0,0,0,0,0,0,0,1,0,0,0,0,0,2,0,0,0,1,1,1,0,0,1,0,0,0,0,0,0,0,0,0,1,0,0,0,1,1,0,1,0,0,0,0,1,0,1,2,0,0,0,0,0,1,0,0,1,1,0,2,1,1
https://www.x-gamex.com/god-of-war-download/,33,10,35,4,0,2,0,0,0,8,0,0,4,3,0,1,1,20,0,1,1,0,5,0,7,0,0,0,3,1,0,0,0,0,1,0,0,0,0,0,1,0,1,0,1,0,0,0,3,0,2,0,0,1,2,1,0,1,0,0,1,0,0,0,0,1,0,0,0,1,0,1,5,0,0,1,0,3,0,3,0,0,0,0,0,1,0,2,0,4,0,0,0,0,0,0,0,2,1,0,0,0,1,2,1,1,1,0,0,4,0,0,4,2,0,1,0,0,0,0,2,0,0,0,0,0,0,0,0,0,0,0,0,1,0,0,1,0,0,1,0,0,0,0,21,0,0,3,1,0,0,0,0,0,0,0,0,0,1,0,0,0,1,0,0,0,3,1,1,4,3,0,0,0,2,0,1,0,1,0,0,1,3,0,0,0,1,0,5,1,0,0,0,0,0,0,0,0,0,0,1,1
https://www.rockpapershotgun.com/,63,7,1,9,10,15,37,35,30,1,5,3,4,19,11,26,6,2,2,2,0,1,2,1,0,9,1,6,3,11,0,3,1,12,1,0,5,0,23,3,5,2,4,1,3,1,1,0,0,0,1,1,12,5,11,3,0,5,9,0,2,8,2,0,1,2,4,0,0,11,5,2,0,0,0,3,0,42,3,6,0,1,5,0,1,0,0,0,5,1,3,11,0,6,0,1,2,5,0,17,4,7,0,0,1,2,2,5,3,1,0,2,0,4,4,1,0,9,1,0,0,0,0,5,1,4,4,3,1,2,5,0,1,0,2,0,0,5,1,0,0,0,0,1,3,1,1,0,0,1,0,1,1,6,0,0,5,4,1,1,2,0,0,12,2,1,2,1,0,0,7,0,2,4,4,1,2,0,4,1,3,2,4,1,4,0,0,15,4,2,1,0,2,0,2,0,2,4,0,3,0,1
https://www.grabpcgames.com/god-of-war-4-pc-game-download-free-full/,25,10,14,0,0,2,0,0,0,5,0,0,3,1,2,0,1,6,5,1,1,1,13,0,2,0,0,0,12,0,0,0,0,1,2,1,0,0,1,0,1,0,1,0,0,0,0,1,1,0,0,0,0,0,1,0,0,0,4,0,0,0,0,0,0,2,0,0,0,1,0,1,1,0,0,1,0,2,0,1,0,1,0,0,1,0,1,0,0,2,0,0,0,0,0,1,1,0,0,0,4,0,0,0,0,1,0,0,0,0,0,1,0,0,0,0,0,6,0,0,1,1,0,0,1,0,0,0,0,0,0,0,0,1,0,0,0,0,0,0,0,0,0,1,6,0,1,0,1,1,0,0,1,0,0,0,0,0,1,1,0,1,1,0,0,0,2,0,0,7,0,0,0,0,2,0,0,0,0,0,2,1,0,0,0,0,2,0,0,0,0,0,0,0,0,0,1,0,0,1,0,1
https://www.roostnetwork.com/,0,0,0,0,0,0,0,1,0,0,0,0,0,0,0,2,1,0,0,0,0,0,1,0,0,0,0,0,0,0,0,2,0,0,0,0,0,0,0,1,0,0,0,0,2,0,0,0,0,0,0,0,0,0,0,1,0,0,0,0,0,0,0,0,0,0,0,0,0,0,1,0,0,0,0,2,0,0,0,0,0,0,0,0,0,0,0,1,0,0,0,0,0,0,0,0,2,0,0,0,0,0,0,0,0,0,0,0,0,0,0,0,0,0,0,0,0,0,0,0,0,0,0,0,0,0,0,0,0,0,1,0,0,0,0,0,0,0,0,0,0,0,0,0,0,0,2,0,0,0,0,0,0,0,0,0,0,0,0,0,0,0,1,0,0,0,0,0,0,0,0,0,0,0,0,0,0,0,0,0,0,0,0,0,0,0,0,0,0,0,0,0,0,0,0,0,1,0,0,0,0,1
https://www.gameinformer.com/,31,0,0,28,44,13,1,1,0,6,27,10,2,6,1,3,5,7,2,27,0,6,1,2,0,0,15,0,1,1,3,9,3,3,0,2,8,3,16,4,7,5,3,12,1,1,0,0,2,1,1,1,4,2,2,0,6,15,1,0,1,1,1,0,14,3,5,6,0,1,5,0,0,0,2,1,0,1,9,1,0,1,0,0,1,0,2,0,10,0,1,0,0,0,0,1,0,14,1,8,0,0,6,1,1,10,2,1,4,1,0,0,1,1,0,0,2,3,0,0,1,1,3,0,0,2,0,2,0,0,1,0,1,1,5,0,2,11,0,4,0,0,0,1,0,0,0,1,1,0,0,0,0,0,0,0,3,2,2,7,1,0,3,0,4,4,0,1,0,1,0,2,0,0,1,0,0,0,0,1,0,0,0,0,0,0,10,3,3,2,2,0,6,2,0,0,2,0,3,2,2,1
https://pcgamesnew.com/call-duty-modern-warfare-2-highly-compressed/,3,4,3,3,0,0,0,0,0,1,0,0,0,0,0,0,0,0,0,2,3,0,2,0,6,0,0,0,2,0,0,0,0,0,0,0,0,0,0,0,0,0,0,1,0,0,0,0,1,0,0,0,0,0,2,0,0,0,0,0,1,0,0,0,0,0,0,0,0,0,0,0,2,0,5,0,0,2,0,0,0,0,0,0,0,0,0,4,0,2,0,0,0,0,0,0,0,0,0,0,0,0,0,0,0,0,0,0,0,1,0,0,5,0,0,0,5,0,0,0,0,0,0,0,0,0,0,0,0,0,0,0,0,2,0,0,0,0,0,0,0,0,0,0,0,0,1,1,0,0,0,0,0,0,0,0,0,0,1,0,0,0,0,0,0,0,2,0,0,2,0,0,0,0,0,0,0,0,0,0,0,0,0,0,0,0,0,0,0,0,0,0,0,0,0,0,0,0,0,0,1,1
http://www.ovagames.com/,20,6,7,4,0,1,0,0,0,10,0,2,6,0,0,0,0,0,0,0,6,0,8,0,0,0,1,0,0,0,0,7,0,0,1,1,0,0,0,0,0,0,0,4,0,0,1,3,0,0,0,0,3,2,1,1,0,2,0,0,0,0,1,1,0,2,2,0,0,0,1,1,0,0,0,1,0,0,0,9,0,0,0,0,0,0,0,0,0,0,0,0,0,0,0,0,0,0,1,0,0,2,3,0,0,1,0,1,0,0,0,0,0,0,0,0,0,0,0,0,1,3,1,0,0,6,0,0,0,0,0,0,0,0,6,0,1,0,0,0,0,0,0,1,0,0,0,0,0,0,0,0,3,0,0,0,0,0,1,0,0,0,0,0,0,0,0,0,6,0,0,1,1,0,0,0,0,0,0,0,4,0,1,0,0,0,1,0,1,2,6,0,0,0,0,0,0,0,0,0,0,1
https://cpy-crack.com/,22,4,22,0,0,0,0,0,0,0,0,0,3,0,0,0,0,0,0,1,11,0,6,0,0,0,0,1,6,0,0,0,0,0,0,0,0,0,0,0,0,0,0,0,0,0,1,0,2,0,0,0,0,0,0,0,0,0,0,0,0,0,0,0,0,0,0,0,0,0,0,3,0,0,0,0,0,0,0,0,0,0,0,0,0,0,0,0,0,0,0,0,0,0,0,0,0,0,0,0,0,0,0,0,0,0,0,3,0,0,0,0,0,0,0,0,0,0,0,2,0,0,0,0,0,0,0,0,0,0,0,0,0,0,0,35,0,0,0,4,0,0,0,0,0,0,0,0,0,0,0,0,0,0,0,0,0,0,0,0,0,0,0,0,0,0,0,0,0,0,0,0,0,0,0,0,0,0,0,0,0,0,0,0,0,0,0,0,0,0,0,0,0,0,0,0,0,0,0,0,0,1
https://stackoverflow.com/,3,2,0,1,1,0,1,3,0,0,0,2,0,0,1,1,4,0,0,1,0,0,0,0,1,0,0,0,0,0,0,0,0,1,1,0,0,0,3,13,1,0,0,0,1,0,3,0,1,0,0,1,1,2,1,9,0,0,2,1,4,0,2,0,0,0,2,0,0,1,1,0,2,2,0,2,0,0,1,0,0,0,0,1,3,2,9,0,0,0,0,0,0,0,0,2,1,5,0,0,0,0,0,0,0,2,0,0,0,0,0,2,0,0,0,0,0,1,0,0,0,1,1,0,0,12,0,6,0,0,5,0,0,0,0,0,2,0,2,0,0,0,0,0,0,1,5,0,1,1,1,0,0,0,0,8,0,0,1,1,0,0,0,0,0,2,3,0,0,7,1,0,0,0,0,0,0,2,0,1,0,0,0,0,0,0,0,0,0,0,1,0,0,0,0,0,3,3,0,0,1,0
https://www.pcgamer.com/uk/the-50-best-free-pc-games/,88,34,7,16,7,15,2,0,2,12,1,20,13,16,15,21,14,1,8,2,3,0,5,6,2,4,0,4,3,10,0,2,0,8,3,5,0,6,7,8,3,2,4,3,4,1,1,0,19,3,2,0,5,7,4,6,0,5,13,1,7,1,2,2,3,8,12,0,0,5,7,9,9,2,3,2,1,0,7,6,1,8,5,0,2,5,1,1,1,5,2,6,0,2,1,1,0,2,5,5,9,10,1,4,1,1,7,0,3,2,0,1,0,3,1,0,0,5,1,0,5,0,9,1,7,1,3,1,0,3,5,0,4,9,0,0,5,2,2,0,0,0,0,1,0,10,3,0,3,2,1,3,0,1,0,3,2,1,0,1,0,1,1,1,7,3,3,4,1,3,2,1,1,3,2,0,6,2,2,5,7,4,1,3,3,0,0,1,1,3,1,4,1,0,0,1,0,1,7,0,0,1
https://www.pubg.com/,0,0,0,2,0,3,0,3,0,0,2,0,0,0,0,1,1,0,2,0,0,0,0,0,0,0,0,6,0,1,3,0,0,0,0,0,0,0,0,0,0,0,0,0,0,0,0,0,0,0,0,0,0,1,0,0,0,0,0,1,0,0,0,0,0,1,0,0,0,0,0,0,2,0,0,1,0,0,0,0,0,0,2,0,1,0,0,0,0,0,0,0,0,0,0,1,0,0,0,0,0,0,0,0,0,0,0,0,0,0,0,2,0,0,1,0,0,0,0,0,0,0,2,0,0,0,0,0,0,0,0,0,0,0,0,0,0,1,2,0,0,0,0,0,0,0,5,2,1,1,0,0,0,0,0,2,0,0,3,0,0,0,0,0,0,0,0,0,0,0,0,0,0,0,0,0,0,0,0,0,0,0,0,2,0,0,1,0,0,0,1,0,0,0,0,0,2,0,0,0,3,1
https://itcomputerustad.blogspot.com/2016/02/gta-5-highly-compressed-free-download.html,8,24,25,0,0,3,0,0,0,0,0,2,0,4,0,0,0,0,2,0,6,0,8,0,5,0,0,0,8,0,0,0,0,0,0,0,0,0,0,0,1,0,1,3,1,0,5,0,1,16,1,6,0,1,1,0,0,0,1,1,3,1,0,1,0,0,0,0,0,0,0,0,0,0,1,3,0,5,0,0,3,0,0,3,0,5,0,1,0,1,3,0,3,1,3,0,1,2,0,0,0,0,0,0,1,2,0,0,1,4,0,0,2,0,0,2,1,0,0,1,0,0,0,0,1,0,0,0,0,0,3,0,0,1,0,3,0,0,0,0,0,0,0,0,0,1,0,0,0,0,0,0,0,0,13,0,0,0,5,0,0,0,0,0,0,0,2,1,3,2,1,1,0,0,1,0,0,0,0,1,0,0,0,0,0,0,0,0,0,3,0,0,0,0,0,0,0,0,0,0,2,1
https://craxgames.com/gta-5-download-for-free/,28,18,30,1,0,4,0,0,0,4,0,4,1,0,0,2,3,1,2,0,1,1,8,0,2,0,0,0,5,1,0,0,0,0,1,0,0,0,0,0,3,0,1,2,1,0,0,1,3,0,0,1,1,1,2,0,0,2,0,0,2,0,0,2,0,6,0,0,0,0,0,0,1,0,0,1,0,3,0,0,19,0,1,2,0,1,1,2,0,1,2,4,20,1,7,0,0,0,1,0,4,2,1,0,0,0,0,0,2,0,0,0,0,0,0,0,0,0,0,0,0,0,0,0,0,0,0,0,0,2,0,0,0,0,0,0,0,0,1,0,0,0,0,0,0,0,0,1,2,0,0,0,0,0,14,0,1,0,0,0,0,0,0,0,1,0,1,0,0,0,2,2,0,0,2,2,0,0,0,0,0,0,0,0,1,0,1,0,1,1,2,0,0,0,0,0,0,0,1,0,0,1
https://www.geeksforgeeks.org/,3,2,0,1,0,0,0,19,0,0,0,0,0,3,1,1,0,0,0,2,0,0,1,5,1,1,3,0,0,4,0,0,0,0,0,3,0,0,0,1,1,1,1,0,7,0,11,0,6,0,1,0,0,1,0,1,0,0,0,0,2,0,4,0,0,0,0,0,0,2,2,0,9,0,0,1,0,0,0,0,0,0,0,0,2,21,2,1,0,0,1,0,0,1,0,2,1,0,2,0,0,1,0,0,0,0,0,0,0,0,0,1,0,0,2,0,0,0,9,0,0,0,18,0,0,0,0,0,0,0,1,1,1,0,1,0,6,0,0,0,0,0,0,0,0,0,1,1,1,1,0,0,0,0,0,0,0,0,0,0,0,1,0,0,0,0,1,1,0,0,3,1,0,0,1,0,0,2,1,1,0,0,0,1,0,0,0,0,0,2,0,0,0,0,0,0,0,4,0,0,0,0
https://www.airvisual.com/,0,1,1,2,0,0,0,0,0,0,1,6,0,1,3,1,0,0,0,0,0,0,1,0,0,0,0,0,0,1,0,0,0,0,0,0,0,0,0,0,0,0,1,0,0,0,0,0,0,0,0,0,0,2,0,0,0,0,0,3,0,0,0,0,0,0,0,0,0,0,0,0,0,0,0,0,0,0,0,0,0,0,0,1,1,0,0,0,0,0,0,0,0,0,0,1,0,0,0,0,0,0,0,0,1,0,0,0,10,0,0,1,0,0,0,0,0,0,0,0,0,0,0,0,0,0,0,0,0,0,0,0,0,0,0,0,0,0,0,0,0,0,0,0,0,0,0,0,0,0,0,0,0,0,0,0,0,0,0,0,0,0,0,0,0,0,0,0,0,0,0,1,0,1,0,0,0,0,0,0,0,0,0,0,0,0,0,0,0,0,0,0,0,0,0,0,0,0,1,0,0,0
https://install-game.com/,18,9,8,2,0,0,0,0,0,6,0,0,3,0,0,0,0,0,0,2,0,0,0,0,0,0,1,0,0,2,0,0,0,0,1,1,0,0,0,1,1,0,0,0,1,0,0,2,0,0,0,0,0,0,0,0,1,0,0,0,0,1,0,0,0,1,0,0,0,1,3,3,0,0,0,1,0,0,0,1,0,0,0,0,1,0,0,0,0,0,0,0,0,0,0,1,1,0,0,0,0,0,0,0,0,0,0,0,0,0,0,0,0,1,0,0,1,0,0,0,1,2,0,0,0,1,0,0,0,0,0,0,0,0,0,0,0,0,0,0,0,0,0,0,0,0,0,0,0,0,0,0,1,0,0,0,0,0,0,0,0,0,0,0,0,1,1,0,0,0,0,0,0,0,0,0,0,0,1,0,2,1,0,0,0,0,0,0,0,0,0,0,0,0,0,0,0,1,0,0,0,1
https://www.gametop.com/download-free-games/,53,17,6,3,0,1,1,0,0,8,0,0,0,1,7,15,2,0,0,0,0,1,7,2,5,2,0,0,8,0,0,1,0,2,1,8,0,1,0,0,0,2,8,0,1,0,0,10,2,1,0,0,0,0,0,3,0,0,0,0,3,0,2,2,0,1,0,0,0,0,1,0,1,1,1,2,1,0,0,0,0,0,0,0,2,0,0,0,0,1,0,0,0,0,0,2,2,0,0,0,1,0,9,0,1,0,0,1,3,0,0,2,0,0,0,0,0,2,0,0,0,0,1,0,1,1,0,0,0,1,1,0,0,0,0,0,1,1,0,0,0,0,0,0,0,0,0,9,2,0,0,0,0,0,1,1,1,0,1,0,0,1,1,0,0,0,0,0,0,0,1,1,1,4,1,0,0,0,1,0,0,1,0,1,0,0,1,0,1,0,0,0,0,0,0,8,0,0,0,0,1,1
https://crohasit.net/category/action/,9,30,31,0,0,0,3,10,0,12,0,5,6,0,0,0,0,0,0,0,10,0,0,0,0,0,0,2,0,0,0,0,0,0,0,1,0,1,0,0,0,0,0,0,0,0,0,1,0,1,0,0,0,0,0,0,0,0,0,0,3,0,0,0,0,0,0,0,0,0,0,0,0,0,0,0,0,0,0,0,0,0,0,0,0,0,0,0,0,0,0,0,0,0,0,0,2,0,0,0,0,0,0,3,0,0,0,0,0,0,0,1,0,0,0,0,0,0,0,0,0,1,0,0,0,0,0,0,0,0,0,0,0,0,0,0,0,0,0,0,0,0,0,0,0,0,10,0,0,0,0,0,0,0,0,0,0,0,0,0,0,1,0,0,0,0,5,0,0,3,0,1,3,0,0,0,0,0,0,2,0,0,0,0,0,0,0,0,0,0,0,4,0,0,0,0,0,0,0,0,0,1
https://en.softonic.com/downloads/pc-games,17,7,20,2,0,4,0,1,0,5,0,2,3,1,0,5,1,0,1,2,0,1,1,3,4,1,0,0,3,1,1,2,0,5,2,1,0,2,1,0,1,0,0,0,0,0,3,4,20,2,1,2,0,1,1,0,0,0,0,0,0,0,3,0,0,0,2,0,0,1,1,0,1,0,1,0,0,0,0,0,2,1,0,10,0,2,1,0,1,0,0,0,3,3,0,0,0,0,6,0,2,0,3,0,0,0,0,0,1,3,1,1,9,0,0,0,0,0,2,0,1,2,0,0,0,1,1,0,0,0,2,0,0,0,0,0,1,0,0,1,0,0,0,1,0,5,0,0,0,2,0,0,0,0,0,0,0,0,0,0,0,0,0,0,0,0,0,2,1,0,3,0,1,0,0,0,2,3,1,0,1,2,0,0,3,0,4,0,0,0,1,0,0,4,2,0,0,0,2,0,0,1
http://www.gamehouse.com/,9,0,0,2,0,1,0,0,0,0,0,0,0,0,0,0,0,0,0,0,0,0,0,0,0,0,0,0,0,0,0,0,0,0,0,0,0,0,0,0,0,0,1,0,2,0,0,0,0,0,0,0,0,0,0,1,0,0,0,3,0,0,0,1,0,0,0,0,0,0,0,0,0,0,0,0,0,0,0,0,0,0,0,0,0,0,0,0,0,0,1,0,0,0,0,0,0,0,0,0,0,0,0,0,0,0,1,0,0,0,0,0,0,0,0,0,0,0,0,0,0,0,0,0,0,0,0,0,0,0,0,0,0,0,0,0,0,0,0,0,0,0,0,0,0,0,0,0,0,0,0,0,0,0,0,0,0,0,0,0,0,0,0,0,0,0,0,0,0,0,0,1,0,0,0,0,0,0,0,0,0,0,0,0,0,0,0,0,0,0,0,0,0,0,0,0,0,0,0,0,0,1
https://www.gamesknit.com/category/downloads/,24,1,0,1,7,0,0,6,0,2,1,0,2,1,0,0,0,1,0,7,12,0,0,0,0,1,0,0,21,0,0,0,1,0,0,0,0,0,0,0,0,0,0,0,1,2,0,1,0,0,0,0,0,1,0,0,0,0,0,0,0,0,0,0,0,0,0,0,0,2,1,0,0,0,0,2,0,0,0,0,0,0,0,0,1,0,0,0,0,0,0,0,0,0,0,1,1,0,0,0,0,0,0,0,0,0,3,0,0,0,0,0,0,3,0,0,0,1,0,2,0,0,0,0,0,0,0,0,0,0,0,0,0,0,1,0,0,0,0,0,0,0,0,0,1,0,0,0,0,1,0,0,0,0,0,0,0,0,0,0,0,2,0,0,0,0,0,0,0,0,0,1,1,0,0,0,0,2,0,0,0,1,2,0,0,0,0,0,1,0,0,0,0,7,1,0,0,0,0,0,0,1
https://www.iplay.com/categories/games/free,27,52,11,7,0,32,1,0,0,1,0,0,1,2,30,1,1,0,0,0,0,0,1,1,2,0,0,0,2,1,0,1,0,0,0,0,0,0,0,0,0,0,0,0,3,0,0,0,0,0,1,0,0,3,0,2,0,0,0,0,0,1,6,24,1,1,1,0,0,1,0,0,0,0,0,1,0,2,5,0,0,0,3,0,6,0,0,34,0,23,2,0,0,0,0,6,1,0,12,0,0,0,0,1,0,1,0,1,0,0,0,4,0,0,0,26,0,0,0,27,0,0,1,0,18,0,2,15,3,0,0,24,0,9,1,0,0,0,18,0,0,0,0,6,0,0,0,4,1,0,0,24,0,0,0,0,0,0,4,0,24,1,1,0,0,0,0,6,5,0,0,0,0,0,0,24,0,0,0,0,0,0,0,1,0,0,0,0,0,0,1,0,0,0,0,0,1,0,0,0,0,1
https://2k.com/en-US/,12,0,0,3,0,0,0,0,0,2,1,2,0,4,2,1,1,0,2,1,0,1,0,1,0,0,0,1,0,0,4,1,0,1,2,0,1,0,0,0,0,0,1,0,2,0,2,0,0,0,1,0,0,2,0,0,0,1,1,0,0,0,0,1,0,5,2,3,0,3,0,0,0,0,0,1,0,0,1,0,0,5,0,0,4,0,1,0,1,0,1,0,0,0,0,2,0,0,0,3,0,1,0,0,1,3,2,0,1,0,1,1,0,0,1,0,0,0,0,0,1,1,0,0,0,0,0,0,0,0,0,0,1,0,0,0,0,0,0,0,0,0,0,0,0,0,2,0,0,1,0,0,1,0,0,0,4,4,0,0,0,0,2,0,0,0,1,0,0,1,1,0,0,0,0,0,1,3,0,0,0,0,0,1,1,0,1,0,1,0,0,0,1,0,0,0,2,0,1,0,0,1
https://in.ign.com/,7,2,0,20,10,5,51,0,0,1,2,6,1,5,1,0,4,15,5,2,1,18,0,2,0,3,8,2,1,0,2,2,3,4,0,0,1,1,0,0,0,48,0,2,0,4,0,0,1,2,3,6,0,0,1,0,1,7,2,0,0,1,0,0,2,1,0,2,0,4,3,1,0,0,0,0,0,0,2,0,0,5,0,0,0,0,0,0,3,0,0,0,0,1,0,0,0,1,5,2,1,1,0,0,2,2,4,2,0,0,0,0,0,1,0,0,0,1,0,0,2,0,0,0,0,0,0,0,1,0,2,0,4,0,0,0,0,2,0,4,0,0,0,1,0,0,0,1,0,0,5,0,0,0,1,0,0,2,0,0,0,0,4,0,7,0,1,2,0,0,0,0,0,3,0,0,5,2,0,2,0,0,3,0,1,0,0,1,1,0,0,0,0,2,1,0,0,0,1,0,0,1
https://ninjakiwi.com/,8,0,0,0,0,2,0,0,0,1,0,0,0,0,0,0,1,0,0,2,0,0,0,0,2,0,0,1,0,0,1,0,0,0,1,1,0,1,0,0,0,0,0,1,0,0,0,0,0,0,2,7,0,0,0,0,0,0,0,0,1,0,0,0,0,0,0,1,0,0,1,4,0,0,0,1,0,0,0,0,0,0,0,0,1,0,0,0,0,0,0,3,0,0,0,1,1,0,0,0,0,0,1,0,0,0,0,0,1,0,0,1,0,0,0,0,0,0,0,0,1,0,0,0,0,0,0,1,1,0,0,0,0,0,0,0,0,0,0,0,0,0,0,0,0,0,0,0,0,0,0,0,0,0,0,3,0,0,2,0,0,1,0,0,0,0,0,0,0,0,0,1,0,0,0,0,0,0,0,0,0,0,0,0,0,0,0,0,0,0,0,0,0,0,1,0,1,0,0,0,2,1
https://gamasutra.com/,64,0,2,6,0,3,3,2,0,0,3,7,1,3,0,0,4,0,11,12,1,0,0,7,0,4,7,2,0,4,0,2,0,1,0,1,0,0,0,0,3,1,2,0,0,0,2,0,2,0,3,4,0,2,0,0,0,4,6,5,3,3,0,1,0,0,0,0,0,0,1,0,0,0,0,3,0,2,0,0,0,0,4,0,0,0,1,0,0,0,5,1,0,0,0,1,4,0,3,0,3,3,2,0,1,3,0,0,1,0,0,2,0,11,0,0,0,0,0,0,6,0,2,0,0,9,0,0,0,0,3,0,3,1,0,0,5,1,0,0,0,0,0,0,0,1,2,0,3,2,0,0,0,0,0,3,0,2,0,0,0,0,0,0,5,9,2,0,0,3,1,0,0,2,4,0,0,1,0,0,0,3,0,1,5,0,3,0,0,1,1,2,2,0,1,0,5,2,0,0,0,1
https://www.indiansuperleague.com/,0,0,0,1,0,1,1,1,0,0,6,0,0,0,0,3,1,0,3,6,0,0,0,0,0,0,0,2,0,0,0,2,0,0,0,0,0,0,2,1,0,1,1,0,1,0,0,0,1,0,2,0,0,1,0,0,1,0,0,3,1,2,0,0,0,1,0,0,0,1,2,0,0,0,0,2,0,0,0,0,0,0,0,0,2,0,0,9,0,0,1,0,0,1,0,2,1,0,0,0,0,0,0,11,0,1,0,0,3,0,0,0,0,0,1,0,0,0,0,9,0,1,0,1,0,0,0,12,0,0,0,1,0,0,0,0,0,0,2,0,0,0,0,0,0,1,0,1,1,0,0,0,0,0,0,0,0,0,12,1,0,0,0,0,0,0,0,0,0,30,0,0,0,0,0,0,0,0,0,0,0,0,0,2,0,0,0,0,0,0,1,0,2,0,0,2,0,1,0,0,12,0
https://coupons.oneindia.com/olacabs-coupons,0,16,0,15,0,3,6,0,0,0,0,2,0,5,5,7,36,0,0,1,0,1,0,1,0,0,0,0,0,0,0,0,0,0,0,0,0,0,4,1,5,6,58,2,0,0,0,0,0,1,1,2,0,3,7,5,0,0,12,0,2,0,15,0,0,2,0,0,0,5,1,0,1,0,0,2,0,0,0,0,0,7,1,0,5,0,8,3,0,1,1,0,0,1,0,4,3,47,0,0,4,4,0,0,0,2,0,0,14,0,0,3,0,0,0,2,0,0,1,0,0,0,5,0,1,0,1,3,2,0,0,0,0,0,1,0,0,3,3,0,0,0,0,9,0,0,1,15,2,0,4,0,0,0,0,0,0,0,0,0,0,0,6,1,0,0,0,2,0,9,0,0,0,0,0,0,0,1,1,0,0,3,1,1,2,0,0,29,0,1,0,0,1,0,0,0,3,3,0,0,0,0
https://www.speedtest.net/,0,3,5,21,1,0,0,1,0,0,2,0,0,0,0,3,0,0,0,0,0,1,0,0,4,0,0,0,0,1,0,0,0,0,0,0,0,0,0,0,0,0,0,0,0,0,0,0,1,1,0,0,1,1,0,1,0,0,1,1,0,0,3,0,0,0,0,0,0,1,2,0,0,0,0,0,0,0,3,0,0,0,0,3,3,0,2,2,1,0,1,0,0,1,0,2,0,0,0,0,1,0,0,0,0,0,0,0,0,0,0,2,0,0,3,3,0,0,0,0,0,0,0,0,2,0,1,0,0,0,0,0,0,0,0,0,0,0,3,0,0,0,0,0,0,0,0,0,2,0,0,0,0,0,0,0,0,0,1,0,0,0,0,0,0,0,0,0,3,1,0,1,0,0,0,0,0,0,0,0,0,0,0,0,0,0,0,0,0,0,0,0,0,0,0,0,4,0,2,0,1,0
https://www.deviantart.com/customization/wallpaper/whats-hot/,0,0,0,0,0,0,2,1,0,0,0,0,0,1,1,0,0,0,0,0,1,0,1,0,0,0,0,1,1,0,0,0,0,0,0,0,0,0,0,1,0,2,1,0,1,0,0,0,1,0,0,0,2,1,0,0,0,0,0,0,0,1,0,0,0,0,1,0,0,0,1,0,0,0,0,0,0,0,1,0,0,0,0,0,2,0,1,0,0,0,0,0,0,0,0,1,1,0,1,0,0,1,0,0,0,0,0,0,0,0,0,0,0,0,0,0,0,0,0,0,0,0,1,0,0,1,0,0,0,0,0,0,0,1,0,0,0,0,0,0,0,0,0,0,0,0,0,0,1,0,0,0,0,0,0,1,0,0,0,1,0,2,0,0,0,1,0,1,1,1,1,6,0,0,0,0,0,0,0,0,0,0,0,0,0,0,0,0,0,0,0,0,1,0,1,0,1,1,0,1,0,0
https://thepcgames.net/,41,46,50,0,0,0,0,0,0,3,0,1,2,0,0,0,0,2,0,0,0,0,0,0,0,0,0,0,0,1,0,0,0,0,2,0,0,0,0,1,2,0,0,0,1,0,0,2,1,0,0,0,0,1,0,0,0,0,0,0,0,0,0,0,0,0,4,0,0,0,1,0,0,0,0,3,0,0,0,2,2,0,0,0,1,0,0,0,0,0,0,0,2,0,2,1,3,0,0,0,0,0,2,2,0,0,0,0,0,2,0,0,2,0,0,0,0,0,0,2,0,2,0,0,0,0,0,0,0,0,0,0,0,0,0,0,0,0,0,2,0,0,0,0,0,0,0,0,0,0,0,0,4,0,2,0,0,0,1,0,0,2,0,0,0,0,0,0,0,0,0,0,0,0,0,0,0,0,0,0,0,0,0,0,0,0,0,0,0,0,0,0,0,0,0,0,0,0,0,0,1,1
https://www.cricbuzz.com/,2,0,0,4,0,4,6,0,3,1,3,2,0,4,7,0,1,0,1,4,0,1,2,0,0,2,0,1,0,0,0,0,0,0,0,0,0,0,0,2,0,0,0,0,0,0,0,0,1,0,2,2,0,1,0,0,0,0,1,1,1,0,0,1,0,1,0,0,0,3,0,0,0,0,0,2,0,1,1,0,0,0,0,0,0,0,2,0,0,0,0,0,0,0,0,0,0,0,0,0,0,0,0,0,1,0,6,0,0,0,0,0,0,0,7,0,0,1,0,0,0,0,0,0,0,0,0,1,0,0,0,0,0,0,0,0,0,0,0,0,0,0,0,0,0,1,0,0,0,0,0,0,0,1,0,0,2,0,0,0,2,1,0,0,0,0,0,5,0,0,0,0,0,0,0,0,0,0,0,1,0,1,0,0,0,0,0,1,0,0,2,6,0,0,0,7,0,1,0,0,0,0
https://www.download-free-games.com/mobile,94,31,2,17,2,27,4,0,0,6,0,27,12,8,18,8,6,31,16,0,0,24,1,9,0,1,4,0,1,4,0,0,0,0,10,32,0,3,0,3,1,2,8,4,4,2,1,24,1,0,0,23,8,4,8,3,0,1,14,0,0,0,11,8,0,7,11,0,0,1,2,22,0,0,3,3,11,0,7,7,1,0,4,1,0,1,5,0,4,0,3,0,0,9,3,1,1,0,2,0,2,9,9,22,2,4,0,9,8,1,0,0,0,0,9,0,0,1,0,0,3,1,10,0,0,0,1,0,0,6,4,0,3,4,0,2,4,0,0,0,0,0,0,7,5,5,1,2,1,0,6,0,3,13,0,1,0,1,1,7,0,1,0,0,0,2,3,17,0,0,0,3,18,6,5,0,2,5,7,1,3,2,2,1,5,0,0,6,1,1,0,0,1,0,0,18,0,0,0,8,1,1
https://apkpure.com/game,5,3,21,0,0,1,1,0,0,1,1,0,1,0,0,0,0,0,2,1,0,0,0,0,0,0,1,1,1,0,0,0,0,1,1,1,0,0,0,0,0,0,0,1,2,0,0,1,0,0,1,13,0,1,1,0,0,0,0,0,0,0,2,0,2,0,0,0,0,0,0,0,0,1,0,1,0,0,1,0,1,0,0,3,3,0,2,0,0,0,0,0,0,0,1,2,1,0,0,0,0,0,1,0,0,0,0,0,0,2,0,0,2,0,0,0,0,1,2,0,0,2,1,0,0,1,0,0,1,0,0,0,1,0,0,0,0,0,0,1,0,0,0,0,0,0,1,1,0,0,0,0,1,0,0,0,1,0,3,0,0,1,1,0,0,1,0,0,0,0,0,0,0,0,0,0,0,0,0,0,0,0,1,0,0,0,0,0,0,1,0,0,0,0,0,0,1,0,1,0,1,1
https://jayisgames.com/,65,20,1,11,5,8,12,17,10,0,0,3,4,5,19,4,8,0,1,0,20,0,1,5,0,1,5,0,2,1,0,1,0,0,0,24,0,1,0,0,7,2,3,1,0,2,0,0,0,17,2,8,0,2,0,9,0,0,0,16,1,3,3,0,0,5,0,0,0,1,2,0,0,0,1,2,4,0,0,1,0,2,0,5,1,0,3,0,0,5,6,0,0,16,0,1,1,3,0,0,3,1,1,0,2,0,2,1,0,0,0,3,0,0,0,0,0,3,0,0,0,0,2,1,2,1,0,2,0,67,1,0,0,0,0,0,0,0,0,0,0,0,0,2,0,0,0,1,1,2,0,0,0,0,0,0,2,0,0,0,0,17,0,0,0,0,1,0,0,0,0,0,1,1,2,0,0,0,3,0,0,5,0,1,0,0,0,0,2,1,0,4,0,0,1,0,0,1,0,0,0,1
https://www.game3rb.com/,34,0,26,0,3,0,16,0,16,9,0,0,9,0,0,0,0,0,0,1,0,0,1,18,12,0,3,5,4,0,1,10,0,0,7,0,0,0,0,0,0,0,0,0,1,3,0,3,2,0,0,0,0,0,0,0,0,0,0,1,1,0,0,0,0,0,0,0,0,0,0,0,19,0,0,1,0,1,0,2,0,0,0,0,0,0,0,0,0,0,0,0,0,0,0,0,2,0,0,0,0,0,0,0,0,1,1,0,0,0,0,0,0,2,0,0,0,0,0,0,1,2,0,0,0,6,8,0,0,0,0,0,0,1,6,0,0,0,0,0,0,0,0,0,0,0,0,0,0,2,0,0,8,0,0,0,0,0,0,0,0,0,0,0,0,0,0,0,0,0,9,0,0,0,0,0,0,1,0,0,1,0,0,0,0,0,0,0,0,0,4,5,0,0,0,0,0,0,0,0,0,1
https://megagames.com/,56,24,0,16,0,9,1,84,0,3,1,11,1,9,0,2,6,13,9,4,0,6,43,0,0,5,1,6,0,6,1,2,0,0,0,0,31,1,0,7,1,0,1,0,0,1,0,7,2,0,2,0,3,4,0,1,1,0,5,1,0,0,3,0,2,4,3,2,0,3,3,2,0,27,5,2,0,0,1,0,5,2,2,0,1,0,2,0,1,0,6,2,5,0,5,1,4,7,0,7,0,5,2,4,2,6,0,0,3,6,0,0,3,0,0,0,5,3,0,4,1,0,2,0,2,2,3,0,0,0,2,0,1,3,0,0,6,1,2,0,0,0,0,0,0,0,1,0,1,0,0,0,0,1,3,0,2,4,0,1,2,0,6,0,1,0,0,3,5,0,1,4,4,0,1,0,4,4,1,2,4,3,6,0,7,0,1,0,0,0,0,1,2,0,1,0,1,0,5,0,0,1
https://timesofindia.indiatimes.com/,2,2,0,7,10,2,7,5,15,3,11,4,0,2,12,2,3,1,1,4,0,3,1,3,1,11,1,4,0,3,0,6,0,2,0,0,0,2,1,2,8,15,3,1,7,1,0,0,0,8,7,10,8,6,4,2,0,0,7,0,0,0,5,0,0,7,8,0,0,6,3,0,0,0,0,5,0,1,3,0,0,0,0,0,5,0,2,0,6,3,0,0,0,1,2,1,0,1,0,0,0,4,0,0,6,0,0,0,3,0,0,1,0,0,0,0,0,0,0,0,0,2,0,4,1,0,1,2,1,0,0,0,0,0,2,0,1,9,0,0,0,0,0,1,0,3,1,0,0,1,5,0,0,1,0,0,1,0,0,0,1,1,0,0,0,0,0,1,0,1,0,0,0,1,2,0,2,0,0,10,0,0,1,4,1,0,0,2,1,0,1,1,6,0,13,0,2,2,2,0,0,0
https://www.gamespot.com/,8,3,0,8,2,1,16,0,14,1,0,0,0,3,2,2,4,3,1,1,0,1,0,0,0,2,9,2,0,1,0,1,1,1,0,0,3,0,0,0,1,0,2,1,1,1,0,0,2,1,1,1,0,1,0,2,1,6,2,0,1,0,0,0,1,1,0,0,0,0,5,1,3,2,5,0,0,1,0,1,0,2,1,1,0,0,0,0,1,0,1,0,0,1,0,1,0,1,0,2,0,1,0,0,2,0,0,1,0,2,0,0,3,0,0,2,5,0,1,0,0,0,0,0,2,1,0,1,0,0,0,0,0,0,0,0,0,0,0,1,0,0,0,0,0,1,0,0,0,0,2,0,0,0,1,1,0,11,0,1,0,0,3,0,1,0,0,0,1,1,0,1,0,1,0,0,0,0,0,0,0,0,1,0,1,0,1,1,0,1,0,0,1,1,0,0,0,0,0,0,0,1
https://www.w3schools.com/,0,1,0,0,0,0,0,1,0,0,0,2,0,0,0,0,1,0,0,0,0,0,1,0,1,0,0,0,0,0,0,0,0,0,0,0,0,0,0,0,0,0,0,0,0,0,0,0,2,0,0,0,0,1,0,0,0,0,0,0,3,0,1,0,0,0,0,0,0,0,0,0,0,1,1,0,0,0,0,0,0,0,0,0,1,0,0,0,0,1,0,0,0,0,0,1,0,1,2,0,0,0,0,0,0,0,0,0,0,0,0,1,0,0,1,0,0,0,0,0,0,0,0,0,6,2,0,0,0,0,0,0,1,0,0,0,0,0,0,0,0,0,0,0,0,0,88,0,1,0,0,0,0,0,0,0,0,0,0,0,0,0,0,0,0,0,0,0,0,0,2,0,0,0,0,0,2,0,0,0,0,0,0,0,0,0,0,0,0,7,2,0,0,0,0,0,0,0,1,0,0,0
https://fulldownload2pcgames.blogspot.com/,79,29,31,2,2,0,0,7,0,6,0,6,3,0,0,1,0,2,0,12,0,0,5,1,0,0,0,0,4,1,0,0,0,0,2,2,0,0,0,0,0,0,0,1,0,0,0,2,0,0,1,0,0,0,0,0,0,0,0,0,0,0,0,0,0,0,0,0,0,3,0,0,0,0,0,3,0,4,0,0,0,0,0,0,1,0,0,0,0,0,0,0,0,0,0,1,1,0,0,0,0,0,0,0,0,0,0,0,0,2,0,0,0,4,0,0,0,5,0,0,0,15,0,0,0,0,0,0,0,0,0,0,0,0,2,0,0,0,0,2,0,0,0,0,2,0,0,0,0,0,0,0,5,0,0,0,0,0,0,0,0,4,0,0,0,0,1,0,0,0,0,2,0,0,0,0,0,1,0,0,2,0,1,0,0,0,0,0,0,1,0,0,0,0,0,0,0,0,0,0,0,1
https://www.tutorialspoint.com/index.htm,0,2,0,0,0,0,0,0,0,0,0,0,0,0,1,1,0,0,0,1,0,0,0,2,0,0,0,0,0,0,0,0,0,0,0,0,0,0,0,1,0,0,0,1,0,0,0,0,2,0,1,2,0,1,0,0,0,0,0,10,0,0,1,0,0,0,0,0,0,1,0,0,1,0,0,1,0,0,0,0,0,1,0,1,3,4,0,0,0,0,0,0,0,0,0,1,2,0,0,0,0,0,0,0,0,0,1,0,0,0,0,0,0,0,0,0,0,0,0,0,0,0,0,0,0,1,0,0,0,0,1,0,0,0,0,0,0,0,0,0,0,0,0,0,0,0,1,2,0,1,0,0,0,0,0,0,0,0,0,0,0,0,0,0,0,0,0,0,1,0,1,0,0,2,0,0,0,0,0,0,0,0,0,0,0,0,0,0,0,0,0,0,0,0,0,0,0,0,0,0,0,0
https://www.warframe.com/,1,2,0,0,0,2,1,1,0,1,0,2,0,2,0,0,0,0,2,0,0,0,1,1,0,1,0,1,0,1,1,0,3,0,0,0,1,0,0,0,0,0,0,0,0,0,0,0,0,0,0,0,0,1,0,0,2,0,0,0,0,0,1,0,0,0,0,1,0,0,0,0,2,0,0,0,0,0,0,0,0,0,0,0,1,0,0,3,0,2,0,0,0,0,0,1,0,0,0,0,0,0,0,0,0,0,0,0,0,0,1,3,0,0,0,0,0,1,0,2,0,0,1,0,0,0,0,0,0,0,1,0,0,1,0,0,0,0,1,0,0,0,0,0,0,2,0,0,0,0,0,0,0,2,0,0,0,0,0,0,0,0,0,0,0,0,3,0,0,0,0,0,0,0,2,0,0,0,0,0,1,0,1,1,3,0,2,0,0,0,0,0,1,0,0,0,0,0,0,0,0,1
http://www.denuvo-crack.com/,3,0,0,0,0,0,0,0,0,0,0,0,0,0,0,0,0,0,0,0,0,0,0,0,0,0,0,0,0,0,0,0,0,0,0,0,0,0,0,0,0,0,0,0,0,0,0,0,1,0,0,0,1,0,0,0,0,0,0,0,0,0,0,0,0,0,0,0,0,0,0,0,0,0,0,1,0,1,0,0,0,0,0,0,0,0,0,0,0,0,0,0,0,0,0,0,0,0,0,0,0,0,0,0,0,1,0,0,0,0,0,0,0,0,0,0,0,0,0,0,0,0,0,0,0,0,0,0,0,0,0,0,0,0,0,1,0,0,0,1,0,0,0,0,2,0,0,0,1,0,0,0,0,0,1,0,0,0,0,0,0,0,0,0,0,0,0,0,0,0,0,0,0,0,0,0,0,0,0,0,0,0,0,0,0,0,0,0,0,3,0,0,0,0,0,0,0,0,0,0,0,1
http://www.gamepaused.net/books/everydayisplay/,7,0,0,0,0,5,4,0,0,0,0,2,0,0,0,0,0,0,0,2,0,0,2,0,0,0,0,0,0,0,0,0,0,2,0,0,0,0,3,0,0,0,0,0,0,2,0,0,0,0,0,0,0,1,0,0,0,0,0,1,0,0,0,0,0,0,0,0,0,1,2,0,0,0,0,0,0,0,0,0,0,1,0,0,0,0,0,0,0,0,0,0,0,0,0,0,0,0,0,0,0,0,0,0,0,0,1,0,0,0,0,0,0,0,0,0,0,0,1,0,0,0,0,0,0,0,0,0,0,0,0,0,0,0,0,0,0,0,0,0,0,0,0,0,0,0,0,0,0,0,0,0,0,0,0,0,0,0,0,0,0,0,0,0,0,1,0,0,0,0,0,0,0,0,0,0,0,0,5,1,0,1,0,0,0,0,0,0,0,1,0,0,0,0,0,0,0,0,0,0,0,1
https://play.mob.org/,28,8,15,4,0,4,3,0,0,2,1,2,0,0,2,1,1,3,0,0,0,0,2,7,0,0,0,0,7,0,0,1,0,0,7,2,0,0,4,1,2,0,0,1,1,0,0,0,0,0,1,5,1,3,0,2,0,1,0,13,1,0,0,1,1,3,2,0,0,0,0,2,1,1,0,0,0,0,1,3,0,0,0,13,0,1,1,0,0,1,0,0,0,0,0,0,1,0,0,0,1,1,3,0,2,0,0,0,0,0,0,0,0,0,0,2,0,0,0,0,0,0,0,0,1,0,0,0,0,0,0,0,0,0,1,0,1,0,0,1,0,0,0,0,1,0,0,0,0,5,0,0,1,0,0,0,0,1,0,1,0,0,0,0,0,1,0,0,3,0,3,2,0,0,0,0,0,0,3,1,1,0,0,0,1,0,0,0,0,3,0,0,0,0,0,2,2,0,0,0,0,1
https://www.arkadium.com/free-online-games/,52,37,0,16,0,2,3,0,0,0,0,0,0,1,1,0,0,0,0,0,0,0,0,29,1,2,0,0,0,1,0,0,0,0,0,14,0,5,0,1,0,0,3,0,0,0,0,4,9,0,0,0,0,0,3,1,3,1,0,1,1,0,0,0,0,0,0,0,0,1,0,0,0,0,0,1,0,1,0,0,0,0,0,0,2,1,3,0,0,0,0,0,0,0,2,2,3,0,0,0,0,1,0,4,0,0,0,0,0,0,0,0,0,0,0,0,0,1,0,0,0,0,1,0,0,0,0,0,0,0,1,0,0,0,0,0,0,0,0,0,0,0,0,0,0,1,0,1,1,1,0,0,0,2,0,0,0,0,0,0,0,0,0,0,0,0,0,0,0,1,0,2,2,0,0,0,0,0,2,0,0,0,0,0,0,0,0,0,1,1,1,0,0,0,0,2,0,0,0,4,0,1
https://www.amazon.co.uk/PC-Video-Games-Categories/b/260-6920952-6761228?ie=UTF8&node=1025616,8,3,13,4,2,0,0,0,0,0,0,0,0,11,0,5,2,0,0,6,2,18,0,6,2,0,1,0,0,0,29,3,13,1,0,0,0,1,1,0,2,1,10,2,6,5,1,0,6,0,0,1,1,0,6,3,13,1,1,3,1,0,1,0,2,0,0,14,0,0,3,0,1,0,2,3,0,0,1,0,0,0,0,0,0,1,5,1,3,0,1,0,0,0,0,0,1,20,0,1,1,2,0,0,15,1,0,0,0,1,1,0,1,0,0,1,1,0,0,0,0,1,0,0,2,0,0,2,3,0,0,0,0,0,1,0,0,1,8,6,0,0,0,0,0,0,1,0,2,0,1,1,0,7,0,0,0,0,0,0,0,3,5,0,0,1,1,0,0,0,0,0,0,0,0,0,0,1,0,2,0,0,0,0,0,0,0,2,0,6,0,1,1,3,3,0,8,2,0,0,0,1
http://www.mudconnect.com/,37,1,0,13,38,6,0,1,2,0,0,9,2,7,6,5,8,4,30,0,14,3,0,3,1,8,12,1,0,9,0,0,0,0,0,0,0,1,3,0,2,1,2,0,4,0,0,0,5,2,1,0,0,1,0,4,0,0,2,0,2,1,0,1,2,2,1,0,0,2,3,0,4,0,0,5,0,1,0,0,0,1,1,0,1,0,6,0,3,0,0,0,0,2,0,1,1,0,8,0,2,2,0,7,0,0,0,1,1,0,0,0,0,0,2,1,0,6,1,0,0,0,0,0,3,0,0,1,0,0,2,0,0,1,0,0,4,0,2,0,0,0,0,0,1,7,3,4,1,1,0,0,0,3,0,9,1,1,0,2,0,1,1,0,0,0,0,4,0,1,0,0,4,1,2,0,1,3,3,0,0,6,0,2,1,0,0,1,2,1,0,0,0,0,0,0,0,1,1,3,1,1
https://www.allrecipes.com/recipes/1642/everyday-cooking/,0,3,0,3,0,0,1,0,0,0,0,4,0,3,0,8,2,0,0,2,0,0,0,0,0,0,0,0,0,1,0,0,0,0,0,0,0,3,0,0,2,0,1,0,1,0,0,0,1,0,0,0,0,2,0,1,0,0,5,0,1,1,0,0,0,0,0,0,0,0,2,0,0,0,0,1,2,0,0,0,0,0,0,0,3,0,1,0,0,0,1,0,0,2,0,2,1,0,0,0,0,1,0,0,0,0,0,0,0,0,0,2,0,0,0,0,0,0,0,0,0,0,0,0,1,0,0,3,0,0,0,0,2,0,0,0,0,1,0,0,0,0,0,1,0,1,0,0,1,0,0,0,0,0,0,2,1,0,0,0,0,2,0,0,0,0,0,0,0,0,0,3,0,2,0,0,0,0,0,1,0,0,0,0,0,0,0,0,0,0,0,0,21,0,0,0,1,1,1,0,0,0
https://www.myplaycity.com/,35,10,5,2,0,1,10,0,0,4,0,10,2,0,13,1,0,2,0,0,0,0,2,4,0,0,0,0,2,2,0,0,0,0,0,6,0,0,1,0,0,0,4,0,4,0,0,3,0,0,0,0,0,1,0,2,0,0,0,0,0,0,1,0,1,0,0,0,0,0,0,0,0,0,0,1,0,0,0,0,0,0,0,0,1,0,6,0,0,0,0,0,0,0,0,1,0,0,0,0,0,0,1,0,0,0,0,0,0,1,0,1,0,0,0,0,0,1,0,0,0,1,0,0,0,1,0,0,0,0,0,0,0,1,0,0,0,0,0,0,0,0,0,0,0,2,0,2,0,0,0,0,1,0,0,0,0,0,1,0,0,1,0,0,0,0,0,0,0,0,1,1,0,1,0,0,0,0,0,0,0,1,0,0,0,0,1,0,0,0,0,0,0,0,0,3,0,0,0,0,1,1
http://remotrapp.com/,7,0,3,3,0,9,0,0,0,0,0,0,0,0,0,0,1,0,0,0,0,0,1,0,5,0,0,0,0,1,0,0,0,5,0,0,0,0,1,1,1,0,1,0,0,0,0,0,0,0,0,5,0,1,0,0,0,0,0,0,0,0,0,0,0,1,0,0,0,0,0,0,0,0,0,1,0,0,0,0,0,1,0,3,0,4,0,1,0,1,3,0,0,0,0,1,2,0,0,0,0,1,0,0,0,0,0,0,0,0,0,0,0,0,0,0,0,1,0,0,0,0,0,0,1,0,0,0,0,0,1,0,0,0,0,0,0,1,2,0,0,0,0,0,0,0,0,0,0,0,0,0,0,0,0,0,0,0,1,0,0,0,0,0,0,0,0,0,0,0,0,0,1,1,0,0,0,0,0,0,0,0,0,0,0,0,0,0,0,0,0,0,0,0,0,0,0,0,0,0,1,1
https://www.gamerevolution.com/,4,0,0,1,3,0,0,0,0,0,1,1,0,5,0,1,0,2,2,0,0,1,0,0,0,0,1,0,0,1,11,1,0,0,0,0,1,0,0,0,2,1,0,1,0,1,0,0,0,0,0,0,1,1,1,2,2,0,1,0,1,0,2,0,3,1,0,0,0,1,2,0,1,0,2,0,0,0,2,0,1,0,0,0,1,0,0,0,1,0,0,0,1,0,0,1,0,1,0,0,0,0,0,1,0,0,0,1,1,0,0,0,1,0,0,0,1,0,0,0,1,0,0,0,0,0,0,0,0,0,0,0,0,0,0,0,0,0,0,1,0,0,0,0,0,0,0,1,3,0,1,0,0,0,0,1,0,1,0,0,0,0,1,0,0,0,0,0,0,0,0,0,0,1,1,0,0,0,1,0,0,0,0,0,1,0,0,0,0,0,0,0,0,1,0,0,0,0,1,0,0,1
https://www.ea.com/,10,3,0,12,0,8,0,64,0,2,6,2,0,3,3,2,12,5,4,0,0,1,1,1,0,0,0,24,0,0,2,0,0,1,0,0,1,0,0,4,14,0,1,0,0,6,0,1,0,1,2,1,0,1,0,2,0,1,1,0,1,11,0,1,18,0,1,2,0,3,3,15,2,0,0,1,1,0,1,0,0,5,1,0,1,0,4,0,4,0,0,0,0,0,0,2,0,0,0,0,0,1,0,0,0,1,2,0,2,0,0,1,0,2,0,0,0,0,0,0,0,0,3,0,0,0,8,0,0,0,0,0,6,0,0,0,0,1,0,21,0,0,0,0,0,2,7,0,6,0,0,0,0,0,0,0,3,2,1,0,1,0,1,0,0,1,0,0,0,0,0,0,0,0,0,0,1,0,0,3,0,0,0,1,0,0,0,0,0,0,4,0,2,0,0,0,1,2,6,0,1,1
https://gameandgraphics.com/,15,0,0,4,0,0,1,0,1,0,0,1,0,1,0,1,0,0,0,0,0,2,0,0,0,3,1,0,2,2,0,0,0,0,0,0,0,2,0,0,0,0,0,5,0,1,0,0,0,2,0,0,0,1,0,3,1,0,0,0,0,0,2,0,4,1,0,0,0,1,0,0,2,0,0,0,0,1,0,0,0,1,0,0,0,0,1,0,0,0,0,0,0,0,0,0,0,0,0,0,1,0,0,0,0,1,0,0,0,0,0,0,0,6,0,0,0,0,0,0,0,0,1,0,0,0,0,0,0,0,0,0,0,1,0,0,1,0,0,0,0,0,0,0,0,0,0,1,0,0,0,0,0,0,0,0,0,0,1,0,0,0,0,0,0,1,1,1,0,16,4,1,0,0,0,0,0,0,0,0,0,0,0,1,1,0,0,0,0,3,0,0,0,0,1,0,0,0,0,0,1,1
https://www.backdrops.io/,0,0,0,2,0,1,2,0,0,1,0,0,0,0,0,0,2,0,0,0,0,0,0,0,0,0,0,0,0,0,0,0,0,0,0,0,0,0,0,2,0,0,0,0,0,0,0,0,0,0,0,0,0,0,0,0,0,0,0,0,0,0,0,0,0,0,0,0,0,0,1,0,0,0,0,0,4,0,0,0,0,0,0,1,0,0,0,0,0,1,1,0,0,0,0,0,1,0,0,0,0,0,0,0,0,0,0,0,0,0,0,0,0,0,0,0,0,0,0,0,0,0,0,1,0,0,2,0,0,0,3,0,0,0,1,0,0,0,0,0,0,0,0,0,0,0,0,0,0,0,0,0,0,0,0,0,0,0,0,0,0,0,0,0,0,0,1,0,0,1,0,0,1,0,0,0,1,0,2,0,0,0,0,0,0,0,0,0,1,0,0,0,0,0,0,0,0,0,0,0,0,0
https://gamefaqs.gamespot.com/,14,4,0,7,0,1,1,0,0,0,0,4,0,5,3,2,6,0,0,0,0,0,0,0,0,1,2,1,0,1,0,0,3,0,0,0,0,1,0,1,1,0,1,2,3,2,0,1,3,1,0,0,0,2,0,1,0,0,1,1,0,1,0,1,4,0,0,6,0,3,2,1,1,0,0,0,0,0,1,0,1,0,2,0,0,0,2,0,1,0,0,0,1,1,1,0,1,3,0,2,0,1,0,2,0,0,0,4,0,0,0,0,0,0,0,0,0,1,2,1,0,0,0,0,0,0,1,2,0,0,1,0,0,0,0,0,0,1,1,0,0,0,0,0,1,0,0,0,0,0,1,0,0,3,0,1,1,0,0,4,0,0,0,0,0,0,0,0,0,0,0,3,0,0,0,0,0,0,1,0,0,0,0,0,0,0,0,1,0,0,1,0,0,0,5,0,0,0,2,5,0,1
https://oceanofgamese.com/,16,14,14,0,0,0,7,0,7,13,0,0,10,0,0,0,0,1,0,0,0,0,0,0,7,0,0,0,0,0,0,0,0,0,1,1,0,0,0,0,0,0,0,7,1,0,0,1,0,0,0,0,0,0,0,1,0,0,0,0,1,0,0,0,0,0,0,0,0,0,0,2,0,0,0,1,0,0,0,3,0,0,0,0,1,0,0,0,0,0,0,0,0,0,0,1,1,0,0,0,0,0,1,0,0,1,0,2,0,0,0,0,0,0,0,0,0,0,0,0,0,1,0,0,0,0,2,0,0,0,0,0,0,0,0,0,0,0,0,0,0,0,0,0,0,0,0,0,0,0,0,0,1,0,0,0,0,0,0,2,0,0,0,0,0,0,0,0,0,0,0,0,0,0,0,0,0,0,0,0,0,0,0,0,0,0,0,0,0,0,0,7,0,0,0,0,0,0,0,0,0,1
https://freegamesland.net/,39,27,26,0,0,1,0,10,0,4,0,2,6,2,4,0,2,2,0,0,0,0,1,0,0,1,0,0,0,0,0,0,0,0,3,3,0,0,0,1,0,0,0,0,0,0,0,1,1,0,0,0,5,0,0,0,0,0,0,1,0,0,0,2,0,1,1,0,0,0,5,0,0,0,0,2,0,0,0,4,0,0,0,0,0,0,2,0,0,0,1,0,0,0,0,0,0,0,1,0,0,0,1,2,0,0,0,1,2,0,0,0,0,0,0,0,0,0,0,0,0,1,0,0,0,0,0,0,0,0,0,0,0,0,0,0,0,0,0,0,0,0,0,3,1,0,0,0,0,0,0,0,4,0,0,0,0,0,0,1,0,1,0,0,0,0,1,0,0,0,0,1,0,0,0,0,0,0,0,0,3,0,0,0,1,0,0,0,1,0,0,0,0,0,0,0,0,0,0,0,0,1
http://www.1up.com/,31,3,0,4,12,0,0,1,0,1,6,0,1,0,6,1,0,0,2,11,0,0,0,1,0,1,0,3,0,0,6,4,0,1,1,0,1,1,3,0,0,1,2,1,2,0,0,0,0,0,7,0,0,2,0,0,0,1,0,0,3,3,0,0,1,0,3,2,0,1,1,0,0,1,0,1,1,1,5,2,1,0,3,0,1,0,1,0,3,0,2,0,1,0,1,1,1,0,1,0,0,0,0,0,2,0,1,0,0,3,0,0,2,0,0,0,0,0,0,0,0,0,0,0,0,0,0,1,0,0,0,0,1,1,0,0,0,0,0,0,0,0,0,1,0,1,0,0,1,0,2,0,0,0,2,2,1,0,1,0,1,0,0,0,0,1,0,0,0,0,1,6,1,1,0,0,0,0,1,0,0,0,1,0,0,0,1,0,0,1,2,0,0,0,2,0,0,0,2,0,1,1
https://tgb.qq.com/en/,3,0,1,0,0,0,0,0,0,0,0,1,0,0,0,1,0,0,0,0,0,0,0,0,0,0,0,1,0,0,0,0,0,0,0,0,0,0,0,0,0,0,0,0,0,0,0,0,0,0,0,0,0,1,0,0,0,0,0,0,0,0,0,0,0,0,0,0,0,0,0,0,0,0,0,1,0,0,0,0,0,0,0,1,1,0,0,0,0,0,0,0,0,0,0,1,1,0,0,0,0,0,0,0,0,0,0,0,0,0,0,0,0,0,0,0,0,0,0,0,0,0,0,0,0,0,0,0,0,0,0,0,0,0,0,0,0,0,0,0,0,0,0,0,0,0,0,0,0,0,0,0,0,0,0,0,0,0,0,0,0,0,0,0,0,0,0,0,0,0,0,0,0,0,0,0,0,0,0,0,0,0,0,0,0,0,0,0,0,0,0,0,0,0,0,0,0,0,0,0,0,1
https://cpygames.io/,21,5,19,8,0,1,0,0,0,1,0,10,1,2,1,3,1,0,3,0,0,0,15,1,0,0,0,0,0,1,0,0,0,1,0,0,0,0,0,0,2,1,0,0,0,1,0,0,0,0,0,0,1,0,0,0,0,1,0,0,0,0,0,1,1,1,0,0,0,0,0,2,0,0,0,1,1,1,0,0,0,1,0,0,0,0,0,0,0,0,0,0,0,0,0,0,2,0,0,2,0,0,0,0,0,0,1,2,1,0,0,0,0,0,1,0,0,0,0,0,0,2,1,0,0,0,0,0,0,0,0,0,1,0,0,14,0,0,0,3,0,0,0,0,1,0,0,0,0,0,0,0,0,0,0,1,1,0,0,0,0,0,1,0,0,0,0,0,0,0,1,0,0,0,0,0,2,0,1,0,1,0,0,0,1,0,1,0,1,0,0,0,0,0,0,0,0,0,0,0,0,1
http://planethalflife.gamespy.com/,12,5,2,15,2,4,5,1,0,1,33,4,0,4,6,0,3,3,6,0,15,0,1,2,0,1,11,12,0,3,0,2,0,1,0,0,1,1,6,19,2,0,0,2,0,0,0,0,1,3,1,0,61,1,0,1,0,1,3,0,10,1,1,1,0,0,0,0,0,4,4,2,1,1,0,1,0,3,0,0,0,1,1,0,1,0,1,0,2,0,0,13,0,1,0,1,3,0,0,0,2,0,0,2,0,2,0,0,1,2,1,3,1,1,0,0,0,0,1,0,0,0,1,0,1,3,0,1,5,0,4,0,1,0,1,0,1,2,2,0,0,0,0,0,0,0,0,1,5,0,2,0,1,2,2,2,3,2,0,1,1,14,0,60,3,0,3,5,4,0,0,0,0,1,2,0,1,0,0,2,0,2,1,1,0,0,0,0,3,4,1,0,0,0,4,0,1,0,4,0,0,1
http://www.dotemu.com/,2,0,0,0,0,0,0,0,0,0,2,2,1,4,0,0,0,0,0,0,0,0,0,0,0,0,0,0,0,0,4,0,5,0,0,0,0,0,0,0,0,0,0,0,0,0,0,0,0,2,0,3,1,0,0,0,5,0,0,0,0,0,0,0,0,0,0,0,0,0,0,0,0,0,0,0,0,0,0,0,0,5,0,0,0,0,0,0,0,0,0,0,0,0,0,1,2,0,0,0,0,0,0,0,0,0,0,0,0,0,0,0,0,0,0,0,0,0,0,0,0,0,0,0,0,0,0,0,0,0,0,0,0,0,0,0,0,0,0,0,0,0,0,0,0,0,0,0,0,0,0,0,0,0,0,0,0,4,0,0,0,0,0,0,0,0,0,0,0,0,0,0,0,0,0,0,0,0,0,0,0,0,0,0,0,0,0,0,0,0,0,0,0,0,0,0,0,0,0,4,0,1
https://www.gamersgate.com/,1,0,0,0,0,0,0,0,0,0,0,2,0,1,0,0,0,0,0,0,0,0,0,0,0,0,0,0,0,0,0,1,0,0,0,0,0,0,0,0,0,0,0,0,1,4,0,0,0,0,0,0,0,1,0,1,0,0,0,0,0,0,1,0,1,0,0,0,0,0,0,0,0,0,0,0,0,0,0,0,0,0,0,0,0,0,0,0,0,0,0,0,0,0,0,1,0,0,0,0,0,0,0,0,0,0,0,1,0,0,0,0,0,0,0,0,0,0,0,1,0,0,0,0,0,0,0,1,0,0,0,0,0,1,1,0,0,0,0,0,0,0,0,1,0,0,0,1,0,0,0,0,0,0,0,0,1,2,0,0,0,0,1,0,0,0,0,0,0,0,0,1,0,0,0,0,0,0,0,0,0,0,0,0,0,0,0,0,0,0,0,0,0,0,0,2,0,0,1,1,0,1
https://bethesdagamestudios.com/,52,0,0,3,0,3,1,0,0,0,0,8,0,4,3,9,0,1,2,4,0,1,0,1,0,15,0,0,0,0,0,0,0,1,0,0,5,1,1,1,0,0,1,0,5,0,0,0,0,0,1,6,1,1,0,0,0,0,0,0,2,0,0,0,0,0,0,0,0,4,0,0,2,0,1,2,0,0,3,1,0,0,0,1,1,1,1,0,0,0,2,1,0,0,2,1,3,0,2,0,4,0,0,1,1,3,5,0,6,1,0,1,0,11,0,0,0,1,0,0,0,6,1,0,0,4,0,0,4,0,2,0,2,2,0,0,1,0,0,0,0,0,0,1,0,2,11,0,1,0,0,0,0,0,0,0,0,0,1,0,0,0,1,1,1,7,3,0,0,1,1,0,1,0,1,0,2,0,1,0,0,1,1,1,0,0,2,0,1,0,0,0,7,0,1,0,1,0,0,0,2,1
https://www.remedygames.com/,1,0,0,2,0,0,0,3,0,0,0,1,0,1,0,0,0,0,0,0,0,0,0,0,0,1,0,0,0,0,1,1,0,0,0,0,0,0,0,0,0,0,0,0,1,0,0,0,0,0,0,0,0,0,0,0,0,0,0,0,0,0,0,0,0,0,0,0,0,0,1,0,0,0,0,0,0,0,0,0,0,0,0,0,0,0,0,0,0,0,0,0,0,0,0,0,1,0,0,0,0,0,0,0,0,0,0,0,0,0,0,0,0,0,0,0,0,0,0,0,1,0,0,0,0,0,0,1,0,0,0,0,0,0,0,0,0,0,0,0,0,0,0,0,0,0,1,0,0,0,0,0,0,0,0,0,0,1,0,0,0,0,0,1,0,0,0,0,0,0,0,0,0,0,0,0,0,0,0,0,0,0,2,0,1,0,1,0,0,0,0,0,0,0,0,0,0,0,0,0,0,1
https://www.mobygames.com/,52,6,0,20,2,2,2,0,0,2,3,2,0,6,9,0,3,1,1,1,15,0,2,2,0,13,2,7,6,8,0,9,1,1,0,0,0,1,1,0,5,0,5,0,5,5,0,0,0,2,0,0,0,1,0,1,4,0,5,2,6,1,2,1,0,1,1,7,0,2,1,0,0,0,0,1,2,2,4,0,0,0,0,0,1,0,11,0,3,1,2,0,0,6,0,1,1,0,1,0,5,2,8,2,0,1,1,0,0,0,0,1,0,0,0,3,0,0,0,0,0,0,0,1,0,2,3,2,0,0,1,0,0,0,3,0,0,8,0,0,0,0,0,0,0,0,0,0,0,13,0,0,0,0,0,3,2,1,1,0,0,0,0,0,0,4,1,1,0,0,0,0,1,1,1,0,3,1,0,1,0,4,0,2,0,0,0,1,1,3,1,0,0,0,0,0,0,0,0,0,1,1
https://www.myntra.com/,1,2,0,5,0,0,1,0,0,0,0,0,0,5,1,8,3,0,0,0,0,0,0,15,1,0,0,0,0,2,0,0,0,0,0,0,0,1,0,2,0,0,0,1,2,0,0,0,1,0,2,1,1,3,1,2,0,0,5,2,4,0,2,0,0,1,0,0,0,0,1,0,0,0,0,5,0,0,1,0,0,0,1,0,1,0,2,0,4,0,0,0,0,0,2,0,2,0,0,0,4,0,0,0,0,1,0,0,0,0,0,0,0,0,0,0,0,0,0,0,0,2,6,1,1,0,1,0,4,0,1,0,1,1,1,0,1,0,1,0,0,0,0,0,0,0,0,0,0,0,0,0,0,0,0,0,0,0,0,0,0,0,2,0,0,0,0,0,0,0,0,1,1,1,0,0,1,0,2,0,0,1,0,2,0,0,0,0,1,0,0,0,6,0,1,1,1,0,0,0,0,0
https://www.psu.com/,36,8,0,30,20,11,1,82,0,2,82,1,2,15,0,3,27,9,5,4,0,5,4,1,1,2,20,22,3,1,7,16,3,0,1,0,8,2,9,4,5,1,8,0,0,2,2,0,0,1,6,0,1,9,1,10,3,19,2,0,0,4,1,0,0,3,3,16,0,3,2,1,0,3,9,1,0,0,2,0,0,3,2,0,1,0,2,2,2,0,5,0,0,0,0,1,2,15,0,12,0,3,0,1,3,5,1,4,2,9,0,4,9,1,0,0,9,2,0,0,9,3,0,2,0,5,1,0,6,0,1,0,4,0,7,0,0,6,0,0,0,0,0,0,4,1,0,0,0,0,2,0,0,0,0,0,5,7,0,0,0,0,3,0,10,1,6,0,2,0,0,2,0,0,2,0,2,0,4,1,0,0,4,10,0,0,3,0,11,0,9,0,0,0,2,0,3,3,2,0,2,1
https://protonmail.com/,0,3,0,2,0,0,0,3,0,0,1,1,0,1,1,0,6,0,0,0,5,0,0,4,0,2,0,0,2,1,0,0,0,0,1,0,0,0,2,3,0,0,0,0,0,0,1,0,0,2,0,2,0,2,0,0,0,0,2,1,1,0,4,0,0,0,1,0,0,1,0,0,0,0,2,1,0,1,1,0,0,3,0,2,1,0,6,35,0,0,1,0,0,0,0,12,2,1,0,0,2,0,0,0,0,2,0,0,0,0,0,10,0,0,0,2,0,0,0,0,0,0,0,0,0,1,0,2,0,0,1,0,0,0,0,0,0,2,9,0,0,0,0,0,0,0,1,0,0,0,0,0,0,0,0,1,1,0,1,0,0,0,0,0,0,1,4,0,0,0,0,0,0,0,0,0,0,4,0,0,0,1,0,0,0,0,0,2,1,0,0,0,0,0,0,0,2,0,0,0,2,0
https://www.engadget.com/gaming/,11,3,0,2,3,3,1,0,14,0,0,1,0,1,0,6,4,2,0,3,1,1,0,0,0,0,1,0,0,0,1,0,0,5,0,0,0,0,1,0,0,0,0,1,0,0,0,0,0,1,2,2,2,1,0,0,0,1,0,29,0,0,1,0,1,1,1,1,0,1,1,0,1,0,0,2,0,0,0,0,0,2,5,2,1,0,4,1,0,0,1,0,0,0,0,1,1,0,0,0,0,0,0,0,0,0,2,0,1,0,0,1,0,0,3,0,0,0,0,0,0,0,0,0,0,0,3,1,0,0,0,0,1,2,0,0,0,1,0,0,0,0,0,26,1,3,0,0,0,0,1,0,0,0,0,0,1,0,0,0,0,0,0,1,0,2,0,0,0,13,0,0,0,1,1,0,0,0,1,0,0,0,5,0,0,0,0,1,2,4,0,0,0,0,0,0,3,1,1,0,0,1
https://roll20.net/,16,3,1,8,0,5,0,3,0,0,1,1,0,1,8,0,2,0,8,4,0,0,0,4,1,1,0,1,0,1,0,0,0,9,0,0,0,0,4,1,5,0,7,2,0,1,0,0,2,0,1,1,1,3,0,3,0,1,6,0,0,0,6,0,0,0,0,0,0,0,0,1,5,0,0,1,1,0,0,0,0,4,0,4,1,1,4,1,0,0,4,0,0,1,0,1,0,1,7,0,2,3,0,0,3,1,0,0,0,0,0,0,0,0,1,2,0,3,0,0,0,0,2,0,1,0,1,5,0,0,2,0,0,0,2,0,1,0,2,0,0,0,0,1,0,1,0,0,0,0,0,0,1,0,0,3,0,0,1,0,0,0,0,0,0,0,1,1,1,1,0,1,0,0,1,0,4,1,0,0,0,0,0,0,0,0,3,0,1,0,0,0,0,0,0,0,2,0,1,0,1,1
https://www.yatra.com/,0,2,3,6,0,0,7,2,0,0,0,1,2,5,2,4,3,0,0,0,0,1,0,7,1,2,0,0,0,2,0,1,0,0,0,0,0,0,1,2,1,0,1,2,2,0,0,0,3,0,0,5,0,1,1,4,0,0,2,1,1,0,2,2,0,0,0,0,0,1,0,0,0,0,0,1,0,0,0,0,0,0,1,1,1,0,0,1,2,1,0,0,0,0,0,1,2,1,0,0,2,3,0,0,0,0,0,0,8,2,1,5,0,0,0,0,0,0,0,0,0,0,3,0,0,0,0,2,1,0,0,0,0,0,6,0,0,0,2,0,0,0,0,2,0,1,0,2,1,2,0,0,0,0,0,0,0,1,0,0,0,3,0,0,0,0,0,1,0,0,0,11,1,0,4,0,0,1,3,1,0,1,0,1,0,0,0,6,0,0,0,0,0,0,0,0,2,0,0,0,0,0
https://www.eurogamer.net/,14,1,0,5,12,4,3,0,0,2,2,4,0,8,2,9,7,0,2,4,0,2,0,0,0,2,2,3,1,2,5,1,4,5,0,0,0,0,4,2,6,2,5,2,0,1,0,0,0,2,2,2,1,4,4,1,7,1,2,0,4,2,2,0,0,0,2,5,0,3,1,2,3,1,1,1,0,1,4,1,2,1,5,0,2,0,0,0,3,0,2,0,0,0,0,1,1,0,0,4,1,6,1,0,0,3,0,1,1,0,0,0,0,1,1,0,1,0,0,1,4,0,0,0,0,0,0,3,0,0,1,0,0,0,1,0,0,0,2,8,0,0,0,0,0,1,0,0,1,0,0,0,0,2,0,0,0,1,3,0,0,0,0,0,0,0,0,0,0,0,3,2,0,2,0,0,1,0,1,4,0,0,0,0,0,0,1,3,1,0,0,1,1,0,0,0,0,0,0,0,1,1
https://apk4free.net/category/android-games/,16,1,0,0,0,0,1,0,0,4,0,0,4,0,0,0,0,0,0,0,0,0,0,0,0,0,1,0,0,0,0,0,0,0,0,0,0,0,0,0,0,0,0,0,0,0,0,5,0,0,16,0,1,0,0,0,0,0,0,0,0,0,0,0,0,0,0,0,0,0,0,0,0,0,0,0,0,0,0,0,0,0,0,17,0,0,0,0,0,0,0,0,0,0,0,0,0,0,0,0,0,0,0,1,0,1,0,0,0,0,0,0,0,0,0,0,0,1,0,0,0,2,0,0,0,0,0,0,0,0,0,0,0,0,0,0,0,0,0,0,0,0,0,0,0,0,0,0,0,0,0,0,1,0,0,0,0,0,0,0,0,0,0,0,0,0,0,0,0,0,0,0,0,0,0,0,0,0,0,0,0,0,0,0,0,0,0,0,0,1,0,0,0,0,0,0,0,0,0,0,0,1
https://www.rockstargames.com/,3,1,0,0,0,0,0,0,0,0,0,0,0,0,0,1,1,0,0,0,0,0,0,1,0,0,0,1,0,1,0,0,0,0,0,0,0,0,0,1,0,0,0,0,0,0,0,0,0,1,0,0,0,0,0,0,0,0,1,0,0,0,0,0,0,0,0,0,0,0,0,0,0,0,0,0,0,0,0,0,0,0,0,0,0,0,0,0,1,0,1,0,0,0,0,0,2,0,0,0,0,1,0,0,0,0,0,0,0,0,0,1,0,0,0,2,0,0,0,0,0,0,0,0,0,0,0,0,0,0,0,0,1,0,0,0,0,0,0,0,0,0,0,0,0,0,0,0,0,0,0,0,0,0,0,0,0,0,0,0,0,0,0,0,0,0,0,0,0,0,0,0,0,0,0,0,0,0,0,1,0,0,0,0,0,0,0,0,0,1,0,0,0,0,0,0,0,0,0,0,0,1
https://www.gamesradar.com/uk/,34,0,0,22,85,10,79,0,86,5,81,3,0,8,1,30,9,7,7,2,0,4,7,0,0,9,12,0,3,4,4,0,7,11,2,0,8,2,18,0,4,7,1,3,6,3,0,2,1,1,1,0,3,5,4,2,11,7,2,12,2,2,0,1,8,5,4,1,0,4,0,1,0,1,0,1,1,2,9,0,0,0,16,0,2,0,0,0,2,0,0,0,0,6,0,1,0,4,0,3,2,3,1,2,4,5,10,3,0,0,0,0,0,1,3,0,0,0,0,0,0,1,3,3,0,2,2,0,0,0,2,0,0,0,1,0,0,0,0,1,0,0,0,2,0,3,1,0,2,0,29,0,0,1,0,0,2,3,0,0,0,0,0,3,4,0,0,0,0,0,2,4,2,8,1,0,3,0,3,6,1,0,0,3,0,0,1,8,2,0,0,0,4,0,0,0,0,4,4,1,0,1
https://skidrow-cpy-games.blogspot.com/,16,4,10,6,0,7,0,0,0,5,0,2,3,2,1,0,1,0,1,2,7,0,1,1,17,1,0,18,5,1,1,8,0,0,1,0,0,0,2,3,0,0,2,15,0,0,1,0,0,1,3,0,0,0,9,1,0,1,0,0,0,0,0,0,0,3,0,0,0,1,1,0,4,0,0,1,0,2,0,1,14,6,0,0,0,0,0,7,0,0,0,2,14,0,14,0,0,4,0,0,0,0,0,0,0,1,9,0,3,0,0,2,0,2,0,0,0,0,0,0,2,0,2,0,0,5,0,0,0,0,1,0,1,6,3,21,0,0,0,0,0,0,0,0,11,0,0,0,1,0,0,0,0,0,2,0,0,0,0,0,0,0,0,0,22,1,2,0,0,7,6,0,0,0,0,0,2,0,1,2,1,0,2,0,1,0,2,0,1,0,3,0,22,0,2,0,3,0,0,0,0,1
https://web.archive.org/web/20140114102246/http://palgn.com.au/,17,2,1,3,73,3,0,1,1,0,2,0,0,0,0,0,3,1,0,2,0,0,1,0,0,4,5,10,0,3,7,2,24,11,1,0,12,0,7,1,4,0,1,0,0,3,0,0,0,1,2,2,1,2,0,0,0,2,1,2,0,2,0,0,4,2,2,13,0,1,3,0,0,0,0,0,0,2,0,0,0,1,1,0,1,0,0,0,1,0,1,6,0,2,0,1,1,0,2,0,0,0,0,1,0,1,0,0,0,0,0,0,0,0,0,0,0,0,0,1,0,0,0,0,0,0,0,0,10,0,0,0,0,0,1,0,0,2,0,0,0,0,0,1,0,0,0,1,3,0,0,0,0,0,0,0,2,1,0,2,0,0,6,0,0,1,0,1,0,0,0,2,0,0,1,0,0,0,0,3,0,1,0,1,0,0,1,0,1,0,0,1,0,3,0,0,0,1,0,0,0,1
https://cpygames.com/,9,13,14,10,0,1,0,0,0,1,0,10,1,3,0,1,0,0,1,0,0,1,2,0,0,0,0,0,0,1,0,0,0,1,0,0,0,0,0,0,2,0,0,0,0,0,0,0,2,0,0,0,2,0,0,0,0,0,1,0,0,0,0,1,0,0,0,0,0,0,0,0,0,0,0,0,1,2,0,0,0,0,0,0,0,0,0,0,1,0,0,0,0,0,0,0,3,0,0,2,0,0,0,0,0,0,1,1,0,0,0,0,0,0,0,0,0,0,0,0,0,5,2,0,0,0,0,0,0,0,0,0,1,0,0,13,0,0,0,4,0,0,0,0,1,0,0,0,1,0,0,0,0,0,0,0,2,0,0,0,0,1,0,0,0,0,0,0,0,0,1,0,0,0,0,0,1,0,2,0,1,0,0,0,1,0,1,0,0,0,0,0,0,0,0,0,0,0,0,0,0,1
https://www.myrealgames.com/download-free-games/,70,14,5,3,0,5,1,0,0,1,0,1,1,0,2,2,0,1,1,0,0,0,0,1,2,0,0,0,0,2,0,1,0,2,1,4,0,2,0,0,2,1,0,0,1,0,0,2,1,0,0,1,0,2,5,1,0,0,0,0,0,0,0,0,0,0,0,0,0,0,0,0,0,0,0,1,1,0,1,0,0,0,0,0,0,0,0,0,2,0,4,0,0,0,0,0,0,0,0,0,0,0,2,0,0,0,0,4,2,0,0,0,0,0,0,0,0,1,0,0,1,0,0,1,1,0,0,0,1,0,0,0,0,0,0,0,0,0,0,0,0,0,0,0,0,0,0,0,1,0,0,0,0,1,0,0,0,0,0,0,0,0,0,0,0,0,0,0,0,0,0,0,5,0,0,0,0,0,1,0,4,0,0,0,0,0,0,0,0,0,0,0,0,0,0,4,0,0,0,0,0,1
http://www.gamehitzone.com/,39,15,7,4,0,3,0,0,0,2,0,1,0,2,0,5,1,1,0,0,0,2,1,2,6,0,1,0,1,0,0,0,0,0,0,0,0,0,0,0,3,0,0,0,2,0,0,8,0,1,0,0,0,0,0,0,0,0,0,0,0,1,3,0,0,0,0,0,0,0,0,0,1,0,0,1,0,0,1,0,0,0,0,0,1,0,0,0,0,0,1,0,0,0,0,1,1,0,0,0,0,1,0,0,0,0,0,0,1,0,0,0,0,0,0,0,0,0,0,0,0,0,0,0,2,0,1,0,0,0,0,0,0,0,0,0,1,0,0,0,0,0,0,1,0,1,0,0,0,0,0,0,0,0,0,0,1,0,0,0,0,1,0,0,0,0,0,0,0,0,0,0,0,1,1,0,0,0,1,0,0,0,0,1,0,0,0,0,0,0,0,0,0,0,0,0,0,0,0,0,0,1
https://www.polygon.com/,14,0,0,29,9,3,0,0,1,1,0,3,1,1,0,3,0,4,3,5,26,1,0,1,1,4,1,0,0,2,2,0,2,3,0,0,1,1,2,0,1,0,0,0,2,0,0,0,3,0,2,0,1,4,0,0,1,1,2,1,1,0,1,2,3,3,5,1,0,0,1,1,2,0,0,1,0,0,2,1,0,0,5,0,2,0,1,0,2,0,0,0,0,9,0,1,1,0,0,0,0,0,1,1,0,0,0,0,0,0,0,0,0,0,1,0,0,1,0,0,0,0,0,0,0,0,1,2,0,0,0,0,0,0,1,0,0,0,0,1,0,0,0,0,1,2,2,0,1,0,3,0,0,0,0,1,3,2,2,0,0,0,0,1,1,0,0,0,0,2,0,0,2,0,0,0,0,0,1,0,0,0,3,1,1,0,1,0,0,1,0,0,0,3,0,0,0,0,1,0,1,1
https://www.gamerankings.com/,1,0,0,4,2,0,0,0,0,0,1,0,0,2,2,2,0,0,0,0,0,0,0,0,0,0,0,0,0,0,2,1,2,0,0,1,2,0,0,0,0,1,1,2,0,2,0,0,1,0,1,0,1,1,0,0,2,0,0,0,2,0,1,0,5,0,0,1,0,0,0,1,2,0,0,1,0,0,1,1,0,0,0,0,1,0,1,0,0,0,0,0,0,0,0,1,0,4,0,3,0,0,0,0,0,0,0,5,0,0,0,0,0,0,0,0,0,0,0,0,0,0,0,0,0,0,0,0,0,0,0,0,0,0,0,0,0,0,0,2,0,0,0,0,0,2,0,0,1,2,0,0,0,2,0,0,0,0,0,2,0,0,0,0,0,0,0,0,1,0,0,1,0,0,0,0,0,2,0,0,0,0,0,0,0,0,0,0,0,0,0,0,0,1,0,0,0,0,2,4,0,1
https://www.pcgamesn.com/100-best-free-pc-games,92,50,3,23,3,52,3,5,1,10,4,30,2,18,11,28,12,19,31,0,0,11,5,14,0,3,3,6,1,23,2,4,0,9,0,0,0,8,4,19,12,5,2,1,10,0,0,0,0,7,1,1,0,5,20,6,0,2,10,4,0,0,1,1,9,10,3,0,0,2,3,11,4,0,2,1,0,1,2,2,0,4,9,0,2,0,5,0,4,2,11,5,0,7,0,1,0,0,10,1,9,5,0,13,0,0,5,4,1,0,0,1,0,1,0,0,4,2,0,0,6,2,5,1,5,4,6,1,2,0,3,0,5,13,1,0,6,2,0,0,0,0,0,2,2,4,1,0,1,0,0,0,2,0,0,2,7,1,1,14,0,0,1,0,0,3,1,4,0,1,2,1,3,2,10,0,5,8,9,8,4,13,1,4,3,0,2,2,6,0,0,0,0,0,1,4,1,6,2,6,1,1
https://en.wikipedia.org/wiki/Main_Page,0,9,0,2,0,1,2,0,0,0,3,3,0,1,0,0,0,2,1,0,0,0,1,0,0,1,1,1,1,0,0,1,0,0,0,0,0,1,0,0,0,0,0,1,0,0,1,0,2,3,0,1,0,0,0,0,0,0,0,3,2,0,2,0,0,0,1,0,0,5,0,0,0,0,0,1,0,0,1,0,0,2,1,0,3,0,1,2,0,0,0,0,0,0,0,2,1,0,0,0,1,1,0,0,0,0,0,0,1,0,0,0,0,0,0,0,0,0,0,0,0,0,0,0,0,1,0,0,1,0,0,0,0,0,0,0,0,2,0,0,0,0,0,0,0,0,0,0,2,3,0,0,0,0,0,1,1,0,0,0,0,0,0,1,0,1,0,0,0,0,0,1,0,0,0,0,0,0,0,2,0,1,0,0,0,0,0,1,0,4,1,0,0,0,0,1,0,1,0,0,0,0
https://www.zapak.com/,2,0,1,0,0,0,0,0,0,2,0,0,1,0,0,1,2,0,0,0,0,0,0,0,0,0,0,0,0,0,0,0,0,0,1,1,0,0,0,0,0,0,0,1,1,0,0,2,0,0,0,1,0,1,0,1,0,0,1,0,3,0,3,0,0,0,0,0,0,0,0,0,0,0,0,0,1,0,0,1,0,0,0,1,2,0,0,3,0,1,0,0,0,0,0,2,1,3,2,0,0,0,2,0,0,0,0,0,0,0,0,0,0,0,0,4,0,0,0,6,1,2,1,0,0,0,0,0,0,0,0,0,0,0,2,0,0,0,0,0,0,0,0,0,0,0,0,2,0,0,0,0,0,0,0,0,0,0,0,0,1,0,0,0,0,0,1,0,0,0,0,0,0,0,0,0,0,0,0,0,0,0,1,1,0,0,0,0,0,0,0,0,0,0,0,0,1,0,0,0,0,1
http://oceanofgames.com/,20,16,10,0,0,0,0,0,8,10,0,0,6,2,0,0,0,2,0,0,0,0,0,0,8,0,0,0,0,0,0,0,0,0,4,0,0,0,0,0,0,8,0,8,1,0,0,0,0,0,0,0,0,1,0,0,0,0,0,0,0,0,0,0,0,0,0,0,0,0,0,0,0,0,0,0,0,4,0,4,0,0,0,1,0,0,0,0,0,0,0,0,0,0,0,0,0,0,0,0,0,0,0,0,0,1,0,0,0,0,0,0,0,0,0,0,0,1,0,0,0,0,0,0,0,0,4,0,0,0,0,0,0,0,0,0,0,0,0,0,0,0,0,0,0,0,0,0,0,0,0,0,3,0,0,0,0,0,0,0,0,0,0,0,0,0,0,0,0,0,0,0,0,0,0,0,0,0,0,0,0,0,0,0,0,0,0,0,0,0,0,14,0,0,0,0,0,0,0,0,0,1
https://www.newgrounds.com/,26,4,0,7,0,8,1,0,0,5,4,4,12,3,1,2,5,1,1,5,1,0,0,2,0,1,0,1,0,1,0,0,0,0,5,1,0,2,4,1,1,0,1,0,0,0,0,0,0,0,1,0,1,1,0,1,0,0,2,17,0,0,3,2,0,0,3,0,0,1,0,4,0,1,0,0,2,0,3,9,0,0,0,2,1,0,1,0,0,2,0,0,0,0,0,1,0,0,1,0,0,1,0,1,1,0,5,0,0,0,0,1,0,0,1,0,0,0,0,0,0,0,0,0,0,0,0,2,0,0,1,0,0,0,3,0,1,1,0,0,0,0,0,0,0,1,0,0,0,2,19,0,1,8,0,1,1,1,0,0,0,0,0,0,1,4,0,0,0,0,1,0,1,0,1,0,0,2,1,0,1,0,0,0,0,0,0,0,1,0,0,0,1,2,0,0,0,1,0,2,2,1
https://www.shacknews.com/,11,1,0,6,7,1,9,4,10,0,10,2,0,2,3,0,4,0,0,8,0,0,3,1,0,2,0,2,1,1,1,2,0,0,3,0,0,0,8,1,1,3,1,3,0,0,0,0,1,0,1,0,0,0,0,2,0,0,1,0,1,3,1,1,3,4,6,0,0,0,2,0,1,0,0,0,0,2,0,0,0,0,10,1,1,0,0,0,0,0,1,0,0,0,0,1,1,4,0,5,0,0,0,0,5,0,0,2,1,0,0,0,0,0,0,0,0,1,2,0,0,0,0,0,1,0,2,0,0,0,1,0,1,0,4,0,2,3,2,0,0,0,0,0,0,0,1,0,1,0,1,1,0,0,0,0,0,1,2,0,0,0,0,0,0,0,0,0,0,0,0,0,0,1,0,0,1,0,0,0,0,0,0,1,2,0,0,0,1,0,0,0,2,2,0,0,2,0,0,0,2,1
https://www.finecooking.com/recipes-menus,0,9,0,4,1,1,7,0,0,0,0,0,0,2,1,0,1,0,0,7,0,0,1,1,0,3,0,0,0,0,0,0,0,0,0,0,0,0,3,0,0,0,0,2,1,0,0,0,6,2,0,0,0,1,0,2,0,0,5,5,3,0,0,0,0,0,0,0,0,2,0,0,0,0,0,0,1,0,0,0,0,0,0,0,1,0,0,1,0,0,2,0,0,1,0,1,1,0,0,0,1,0,0,0,0,1,0,0,1,0,1,1,0,0,0,1,0,0,0,0,0,0,0,0,0,0,3,5,0,0,0,0,0,0,0,0,0,3,1,0,0,0,0,2,0,1,1,0,0,0,0,0,0,0,0,0,1,0,2,0,0,0,0,0,0,0,0,0,0,0,0,1,0,0,0,0,0,0,0,2,0,1,0,3,0,0,0,0,0,1,0,0,0,0,0,0,0,0,0,0,2,0
https://www.mozilla.org/en-US/firefox/new/,0,0,38,1,0,0,0,0,0,0,0,0,0,3,0,0,3,0,0,0,0,0,0,1,29,0,0,0,3,0,0,0,0,0,0,0,0,0,1,0,3,0,0,0,0,0,0,0,0,3,1,0,0,0,0,0,0,0,1,0,0,0,0,0,0,0,0,0,0,1,0,0,9,0,0,0,0,0,0,0,0,2,0,6,0,1,3,0,0,0,0,0,0,0,0,8,1,0,0,0,0,0,0,0,0,0,0,0,0,0,0,1,0,0,1,3,0,0,0,3,0,0,0,0,3,1,0,0,0,0,0,0,0,0,0,0,0,0,0,0,0,0,0,1,0,0,0,1,2,2,0,0,0,0,0,1,0,0,0,0,0,0,0,0,0,0,0,6,1,0,0,0,0,0,0,0,0,0,0,0,0,0,0,0,0,0,0,0,0,0,0,0,1,0,0,0,0,0,0,0,1,0
https://www.bizarrecreations.com/,2,0,0,2,1,1,0,0,0,0,0,0,0,0,0,8,0,0,0,0,0,0,2,0,0,0,0,0,0,0,0,0,0,4,0,0,0,0,0,0,0,0,0,0,0,0,0,0,1,0,0,0,0,1,0,0,0,0,0,6,1,0,2,0,0,0,0,0,0,0,0,0,0,0,1,0,1,0,0,0,1,0,1,0,1,0,0,0,0,0,0,0,0,1,0,0,0,0,0,0,0,0,0,0,1,0,0,0,1,0,0,0,0,0,0,0,0,0,0,0,0,0,1,0,0,0,0,0,0,0,0,0,8,1,0,0,0,0,0,0,0,0,0,1,0,0,0,1,0,0,0,0,0,0,0,0,0,0,0,0,0,0,0,0,0,1,0,0,0,0,0,1,0,0,0,0,0,0,0,0,0,0,0,0,0,0,0,0,0,0,0,0,0,0,0,0,0,0,7,0,0,1
https://freegogpcgames.com/,41,17,20,1,0,0,0,1,0,6,0,0,16,0,0,0,0,0,0,0,0,0,10,1,10,0,0,1,0,0,0,9,0,0,1,1,0,0,0,0,1,0,0,9,0,6,0,0,2,1,9,0,0,1,0,12,0,0,0,0,1,0,1,0,0,0,1,0,0,0,0,0,0,0,1,0,0,0,0,0,0,3,1,0,0,0,0,0,0,2,0,0,0,0,0,0,0,0,0,0,0,0,1,0,0,5,0,0,0,0,0,0,0,2,0,13,0,4,0,0,0,0,0,0,0,0,0,0,0,0,11,0,0,0,9,0,0,0,0,0,0,0,0,0,0,0,0,0,0,0,0,0,2,0,0,0,0,0,0,3,0,1,0,0,0,0,0,0,0,0,0,1,2,0,0,0,0,0,0,0,0,0,0,12,0,0,0,0,0,0,10,0,0,0,0,0,0,0,0,0,0,1
https://www.gamezebo.com/,6,0,0,0,17,0,0,6,0,0,0,0,0,1,0,16,2,0,0,0,0,0,0,0,0,0,0,0,0,1,0,3,12,5,2,0,0,0,0,0,2,0,0,0,1,0,0,0,0,0,4,12,0,0,0,0,0,0,0,0,0,0,1,0,0,0,4,0,0,0,0,0,0,0,0,1,0,0,0,0,0,0,5,7,0,0,4,0,0,0,0,0,0,2,0,1,0,0,0,0,1,0,4,0,0,0,0,0,0,0,0,0,0,0,0,0,0,0,0,0,0,0,0,0,0,0,0,5,0,0,0,5,0,0,0,0,0,0,0,0,0,0,0,0,0,0,1,0,7,0,0,0,0,0,0,0,0,0,1,0,0,0,0,0,0,0,0,0,0,0,0,1,0,0,0,0,0,0,0,9,0,0,0,0,0,0,0,0,2,0,0,0,0,18,0,0,0,0,0,0,1,1
https://www.gamer-network.net/,1,0,0,1,0,0,0,0,0,0,1,1,0,1,0,0,0,0,0,3,0,0,0,0,0,1,0,0,0,1,1,0,3,1,0,0,0,0,0,1,0,0,0,0,0,3,0,0,0,1,0,0,3,1,0,0,0,1,0,0,1,0,0,0,0,0,0,0,0,0,0,0,0,0,0,1,0,0,0,0,0,0,0,0,1,0,0,0,0,0,0,0,0,0,0,1,2,0,0,0,0,0,0,0,0,0,0,0,1,0,0,0,0,0,0,0,0,0,0,0,0,0,0,0,0,0,0,0,0,0,0,0,5,0,0,0,0,0,0,0,0,0,0,0,0,0,0,3,2,0,0,0,0,0,0,1,0,0,0,0,0,0,0,0,0,0,0,0,0,0,0,0,0,0,0,0,0,1,1,0,0,0,0,0,0,0,0,0,0,0,0,2,0,0,0,0,3,1,0,0,0,1
https://www.accuweather.com/,0,0,0,4,1,0,0,3,0,2,5,1,0,0,0,0,0,0,0,3,0,2,0,0,0,0,0,0,0,1,0,0,0,0,0,0,0,0,0,0,2,0,3,0,1,0,0,0,1,1,0,0,0,1,0,0,0,1,0,0,0,0,2,0,0,0,0,0,0,2,0,0,0,0,0,0,0,0,1,0,0,0,0,2,4,0,0,1,1,0,0,0,0,0,0,2,2,0,0,0,0,0,0,0,0,0,0,0,0,0,0,0,0,0,0,1,0,0,0,0,0,0,0,0,0,0,1,0,0,0,0,0,1,0,0,0,0,0,0,0,0,0,0,0,0,0,0,0,0,0,0,0,0,0,0,0,0,0,1,0,0,0,0,0,0,0,0,0,0,0,0,0,0,1,0,0,0,0,0,1,0,0,0,0,0,0,0,0,0,0,0,0,0,0,0,0,5,1,2,0,1,0
https://www.microsoft.com/en-in/store/top-free/games/pc,17,96,4,4,90,1,0,0,0,1,1,5,2,1,0,2,3,5,4,1,1,90,0,8,13,0,0,0,1,1,11,0,0,0,1,1,0,1,0,0,3,0,0,0,6,0,3,15,1,0,0,2,0,0,3,2,0,0,0,1,5,0,1,0,3,0,0,0,0,0,1,2,0,2,3,2,0,0,1,1,0,1,0,0,0,0,1,0,0,0,1,0,0,0,0,2,1,1,0,0,0,0,0,0,2,1,2,0,3,1,91,8,0,2,0,0,1,1,0,0,3,1,1,0,0,3,0,1,11,0,0,0,0,1,0,0,1,1,1,0,0,0,0,0,1,0,0,0,2,3,0,0,1,0,0,0,0,0,0,0,0,4,3,0,0,0,1,1,0,0,0,1,1,0,0,0,0,0,0,0,3,0,2,0,0,0,0,1,0,1,0,0,0,0,0,0,1,0,0,1,0,1
https://www.valvesoftware.com/en/,5,0,0,0,0,0,0,0,0,0,0,0,0,0,0,1,0,0,0,0,0,0,0,0,0,0,0,0,0,0,0,0,0,0,0,0,0,0,0,1,0,0,0,0,0,0,12,0,1,0,0,1,0,0,0,0,0,0,1,0,1,0,1,0,0,0,0,0,0,0,0,0,2,0,0,0,0,0,0,0,0,0,0,0,1,0,0,0,0,0,0,8,0,0,0,1,1,0,1,0,0,0,0,0,0,0,0,0,0,0,0,0,0,0,0,0,0,0,0,0,0,0,1,0,0,0,0,0,0,0,0,0,0,0,0,0,1,0,2,0,0,0,0,0,0,0,0,0,0,0,0,0,0,0,0,0,0,0,0,0,0,0,0,0,0,1,0,1,0,0,0,0,0,0,0,0,0,0,0,0,0,0,0,0,0,0,0,0,0,0,0,0,0,0,0,0,0,0,0,0,0,1
https://in.bookmyshow.com/,1,2,0,3,8,5,4,0,0,9,3,2,3,2,1,24,3,0,0,0,0,1,0,12,0,0,3,1,0,4,0,2,0,1,0,0,1,2,1,0,4,0,0,6,0,1,0,0,0,0,2,4,0,4,2,0,0,1,2,1,2,2,2,0,0,1,0,0,0,4,3,0,0,0,0,10,0,0,1,0,0,7,0,1,6,0,3,14,0,2,7,0,0,2,0,7,1,0,1,0,1,0,0,0,1,0,0,0,6,0,0,1,0,0,0,19,0,0,0,5,0,7,2,0,5,0,1,16,0,0,1,0,25,0,2,0,0,0,9,0,0,0,0,0,0,2,0,2,3,0,72,0,0,0,0,0,0,1,5,4,0,1,1,2,0,0,0,1,0,2,0,15,0,2,0,0,0,0,0,0,0,0,6,2,0,0,0,0,1,2,0,1,0,0,0,0,1,0,0,0,0,0
https://www.giantbomb.com/,44,0,0,14,2,7,27,1,31,2,5,8,0,16,16,6,16,0,0,19,2,1,4,1,0,2,8,1,0,6,0,2,2,4,0,2,0,3,1,4,2,8,4,7,1,1,0,0,3,1,8,0,1,4,0,3,4,8,4,0,1,15,2,0,3,4,3,0,0,4,5,1,3,2,1,2,1,2,10,0,0,1,0,2,0,0,0,0,27,0,5,0,0,4,0,0,0,2,1,8,5,4,6,2,6,1,7,3,1,3,1,0,2,0,0,2,1,4,5,0,0,0,0,0,3,0,0,1,0,0,1,0,1,2,2,0,6,2,0,0,0,0,0,0,1,0,0,0,0,0,0,2,0,0,1,14,4,0,0,2,0,0,0,1,2,0,3,1,0,0,0,0,1,6,3,0,3,0,2,1,2,1,1,5,2,0,0,1,2,1,0,0,5,3,0,0,0,0,0,1,0,1
https://zoutons.com/,0,1,0,8,2,0,5,0,0,0,0,0,0,0,1,1,8,1,0,0,0,0,0,1,0,0,0,0,0,1,0,0,0,0,0,0,0,0,0,0,0,1,0,0,2,0,0,0,1,0,0,3,0,0,0,1,0,0,0,45,0,0,1,0,0,0,0,0,0,0,0,0,0,0,0,4,0,1,0,0,0,1,0,0,0,0,0,0,0,0,0,0,0,0,0,1,0,23,0,0,0,0,0,0,3,0,0,0,1,0,0,0,0,0,0,0,0,0,0,1,0,0,0,0,0,0,0,3,4,0,0,2,0,0,0,0,0,1,0,0,0,0,0,6,0,1,0,3,0,0,6,0,0,0,0,0,0,0,1,0,0,10,1,0,0,0,0,0,0,0,0,0,0,2,0,0,0,0,1,0,0,0,3,0,0,0,0,13,0,0,0,0,0,0,0,0,1,0,0,0,0,0
http://www.blackboxrepack.com/,10,1,8,0,0,0,0,0,0,8,1,0,4,0,0,0,0,2,0,0,0,0,0,0,7,0,0,0,0,0,0,7,0,0,1,0,0,0,0,0,0,0,0,0,0,2,3,1,0,4,0,0,0,1,2,0,0,0,0,0,1,0,0,0,0,0,0,0,0,0,0,0,7,0,0,2,0,0,0,2,0,0,0,0,0,0,0,1,0,8,0,0,0,0,0,0,1,0,0,0,0,0,1,0,0,0,0,0,0,0,0,0,0,7,0,0,0,0,0,0,0,3,0,0,0,7,0,0,0,0,0,0,0,1,7,0,0,0,0,0,0,0,0,0,0,0,0,0,0,7,0,0,0,0,0,0,0,0,1,0,0,0,0,0,0,1,0,0,0,0,2,0,0,0,0,0,0,0,0,0,1,0,5,0,2,0,0,0,0,0,0,0,0,0,31,0,0,0,0,0,1,1
https://www.g2a.com/,21,0,0,3,0,3,1,0,0,1,0,0,0,11,2,7,6,2,0,8,0,0,0,2,8,1,0,0,0,1,30,2,9,6,1,0,0,0,0,0,0,1,1,2,0,16,2,0,0,3,3,0,1,1,23,3,7,0,1,0,1,0,8,0,3,1,0,8,0,0,0,0,0,0,0,2,0,0,0,1,3,0,0,2,1,4,1,0,0,0,2,5,3,0,0,1,0,0,0,1,3,2,0,0,17,0,0,0,0,0,0,1,0,0,0,0,0,2,0,0,0,0,2,0,0,0,2,0,3,0,1,0,0,0,0,0,0,0,1,1,0,0,0,0,0,4,0,5,1,0,0,0,0,0,0,0,1,0,0,0,0,1,3,0,0,0,1,0,0,0,0,2,0,0,1,0,0,0,0,0,1,0,0,1,0,0,0,5,0,0,3,0,0,2,0,0,5,6,0,0,0,1
http://www.mobile88.com/freemobilejavagames/,12,7,4,2,1,0,0,0,0,0,6,0,0,0,0,0,1,0,0,1,1,0,0,0,0,0,1,1,1,0,0,0,0,0,0,1,0,0,1,0,0,0,0,0,1,0,0,0,0,0,2,8,0,2,0,0,0,0,0,0,0,0,1,0,0,0,0,0,0,0,0,0,1,0,0,1,0,0,0,0,0,1,0,1,2,0,0,0,0,1,0,0,0,0,1,1,1,0,0,0,0,0,1,0,0,2,1,0,0,0,0,0,0,0,0,1,0,0,0,0,0,1,0,0,0,0,0,0,0,0,0,0,0,0,0,0,0,0,0,0,0,0,0,0,0,0,0,0,1,0,0,0,0,0,0,0,0,1,0,0,0,0,0,0,0,0,0,0,0,0,0,0,0,0,0,0,0,0,0,3,0,1,0,1,0,0,0,0,0,0,0,0,0,0,0,0,0,0,0,0,0,1
https://crackwatch.com/,6,0,1,1,0,0,0,0,0,0,2,0,0,0,2,0,3,0,0,1,1,0,0,0,0,0,0,0,0,3,0,0,0,1,0,0,0,0,0,0,0,0,1,3,0,0,0,0,0,0,0,0,0,1,0,0,0,3,0,0,0,0,1,0,0,0,0,0,0,0,0,0,0,0,0,0,0,0,0,0,0,0,0,0,0,0,0,1,0,0,0,1,0,0,0,0,0,0,0,0,1,0,0,0,0,0,0,0,0,0,0,0,0,0,0,0,0,0,0,0,0,0,0,0,0,0,1,1,0,0,1,0,0,0,0,3,0,0,0,0,0,0,0,0,0,0,0,3,2,0,0,0,0,0,0,1,0,0,0,0,0,0,0,0,0,0,0,0,1,0,0,0,0,0,0,0,0,0,0,0,0,0,0,0,0,0,0,0,0,1,0,0,0,0,0,0,0,0,0,0,0,1
https://www.cdprojekt.com/en/,10,1,0,2,2,3,0,1,1,1,1,2,0,0,1,2,1,0,0,1,0,0,1,0,0,2,0,1,1,3,0,0,0,1,1,0,0,0,0,1,0,0,5,0,0,1,0,0,3,1,2,0,0,2,2,2,0,0,2,0,2,1,3,0,0,0,0,0,0,0,0,0,0,0,0,0,0,0,0,0,0,4,0,0,3,0,0,0,1,0,2,0,0,0,0,2,7,0,0,0,0,0,0,0,0,0,0,0,1,0,0,0,0,1,0,0,0,0,0,0,0,0,0,0,0,0,1,0,1,0,0,0,1,0,0,0,0,0,0,0,0,0,0,0,0,0,0,0,0,0,0,0,0,0,0,0,0,1,1,0,0,0,2,0,0,0,0,0,0,1,0,0,0,0,1,0,0,0,0,0,0,0,0,0,0,0,0,0,0,2,1,0,0,0,0,0,1,0,0,0,1,1
https://square-enix-games.com/en_US,0,1,0,1,0,0,0,2,0,0,0,0,0,0,2,0,0,0,0,0,0,0,0,0,0,0,0,0,0,1,0,0,0,0,0,0,0,1,0,0,0,0,1,0,0,0,0,0,0,0,0,0,1,1,0,0,0,0,0,0,0,0,2,0,0,1,0,0,0,0,0,0,0,0,0,0,0,0,0,1,0,0,0,0,1,0,0,0,0,0,0,0,0,0,0,2,0,0,0,0,0,0,0,0,0,0,1,3,0,0,0,0,0,0,0,2,0,0,0,0,0,0,0,0,0,0,0,0,0,0,0,0,0,0,0,0,0,0,0,0,0,0,0,0,0,0,1,1,1,0,0,0,0,0,0,0,0,0,0,3,0,0,0,0,0,0,0,0,0,0,0,0,0,0,0,0,0,0,0,0,0,0,0,0,0,0,0,0,0,0,0,0,0,0,0,0,0,0,0,0,0,1
https://ubuntu.com/,1,0,4,1,0,0,0,0,0,0,1,3,0,2,0,0,3,0,0,2,1,0,0,0,0,0,0,2,1,0,0,0,0,0,0,0,0,0,3,0,0,0,0,0,2,0,6,0,0,0,2,0,0,0,0,1,0,0,0,1,2,0,3,0,0,0,0,0,0,1,1,0,4,0,0,0,0,0,0,0,1,0,0,0,1,0,1,0,0,0,0,0,0,0,0,1,4,0,0,0,0,1,0,0,0,0,1,0,0,0,0,11,0,0,0,0,0,0,0,0,0,0,1,0,0,4,0,2,3,0,1,0,0,0,0,0,0,0,0,0,0,0,0,0,0,0,6,2,1,2,0,0,0,0,0,3,0,0,0,0,0,0,0,0,0,0,1,2,0,0,0,3,0,2,0,0,0,0,0,0,0,0,0,0,1,0,0,0,0,1,0,0,3,0,0,0,6,0,0,0,0,0
