Site Links,shop,accessories,new,home,get,view,care,free,products,buy,movie,top,offers,best,men,online,shopping,brands,wear,store,offer,details,hair,mobile,back,tickets,sign,women,please,gift,items,email,shoes,beauty,order,sale,contact,watches,read,kids,body,account,movies,valid,india,policy,comments,bags,cart,sets,one,price,size,help,product,shirts,shipping,skin,collection,bath,search,baby,support,deals,privacy,show,terms,cashback,site,fashion,delivery,kitchen,login,page,full,use,enter,time,clothing,cards,find,password,sunglasses,health,cancel,dresses,set,tops,gifts,ticket,eye,inr,less,smart,rim,code,service,tools,coupon,air,furniture,english,brand,latest,experience,instagram,like,app,customer,jewellery,select,paytm,explore,face,arrivals,close,featured,book,services,review,visit,first,day,quick,chase,cinemas,days,footwear,lenskart,track,girls,suit,menu,john,reviews,protein,sports,fitness,vincent,register,bank,sarees,orders,priced,galaxy,outdoor,card,office,hindi,booking,number,copy,every,eyewear,pvr,business,make,appliances,need,returns,watch,black,created,payment,available,item,purchase,exclusive,storage,conditions,flat,toys,eyeglasses,sketch,jacobs,pants,phone,helpful,sellers,rights,range,special,stores,love,check,dining,samsung,eyewearfashion,eyeweardesign,eyewearstyle,eyeweartrends,eyewearshop,lenskarteyewear,igers,instrammers,instadaily,instamood,instafashion,art,laptops,great,ShoppingSite
https://www.firstcry.com/,16,3,6,0,3,7,7,5,24,6,0,16,6,5,0,7,25,17,10,10,2,7,0,9,3,0,2,0,23,7,4,9,1,0,16,17,2,0,0,17,1,4,0,3,2,5,0,3,14,8,2,5,0,1,13,5,7,7,1,7,1,41,0,1,1,0,2,1,5,5,9,0,3,2,1,2,14,3,2,3,1,0,0,7,0,1,1,1,5,0,0,0,0,0,0,1,2,1,0,0,2,0,0,0,4,0,4,3,3,0,9,0,2,0,0,0,0,1,1,0,0,3,6,2,0,0,12,2,0,5,0,0,0,0,1,0,3,0,0,3,2,0,0,0,0,2,0,0,0,0,5,0,2,0,0,0,0,0,1,2,0,0,0,2,5,2,0,0,4,0,0,11,0,0,0,1,1,0,8,1,3,0,2,2,5,0,0,0,0,0,0,0,0,0,0,0,0,0,0,0,2,1
https://wforwoman.com/,0,0,2,1,3,2,0,0,2,0,0,4,0,1,0,0,1,0,3,4,0,0,0,1,3,0,1,0,1,0,4,2,0,0,0,1,1,0,0,0,0,4,0,0,0,1,0,0,9,0,0,1,1,1,0,0,0,0,0,0,2,0,1,0,1,0,0,0,1,0,0,0,0,3,0,1,0,0,0,0,0,0,0,0,1,1,0,0,0,0,0,0,0,0,0,0,0,0,0,0,0,0,0,0,1,0,0,0,0,0,0,0,0,0,0,3,0,1,0,0,0,0,0,0,0,0,0,0,0,2,0,0,1,0,0,0,0,0,0,0,1,0,1,0,0,0,0,0,0,0,0,0,0,0,0,0,1,0,0,0,0,0,0,0,0,14,0,0,0,0,0,0,0,0,0,0,0,0,0,1,0,0,0,0,0,0,0,0,0,0,0,0,0,0,0,0,0,0,0,0,0,1
https://otorrents.com/,0,0,1,1,0,0,0,0,0,0,0,0,0,0,1,0,0,0,0,0,0,0,0,0,0,0,0,0,0,0,0,0,0,0,0,0,1,0,0,0,0,0,2,0,0,0,0,0,0,0,0,0,0,0,0,0,0,0,0,0,0,0,0,0,0,0,0,0,0,0,0,0,0,0,0,0,0,0,0,0,0,0,0,0,0,0,0,0,0,0,0,0,0,0,0,0,0,0,0,0,0,0,0,3,0,0,0,0,0,0,0,0,1,0,0,0,0,0,0,0,0,0,0,0,0,0,0,0,0,0,0,0,0,1,0,0,0,0,0,0,0,0,0,0,0,0,0,0,0,0,0,0,0,0,0,0,0,0,0,0,0,1,0,0,1,0,0,0,0,0,0,0,0,0,0,0,0,0,0,0,0,0,0,2,0,0,0,0,0,0,0,0,0,0,0,0,0,0,0,0,0,0
https://www.chrono24.in/,0,1,1,0,0,0,0,2,0,2,0,0,1,0,1,0,0,1,0,0,0,1,0,1,0,0,1,1,0,0,0,0,0,0,0,0,3,14,0,0,0,0,0,0,0,1,0,0,0,0,0,0,0,2,0,0,0,0,2,0,2,0,0,0,1,0,1,0,0,0,0,0,0,2,0,0,0,0,0,0,1,0,0,0,0,0,0,0,0,0,0,1,0,0,0,0,3,0,0,0,0,1,0,0,0,0,0,0,2,0,1,0,0,0,0,0,0,0,1,0,0,0,1,0,0,0,0,0,0,0,0,0,0,0,0,0,0,0,0,0,0,0,0,0,0,0,0,0,0,0,0,0,1,0,0,0,0,0,0,0,8,0,0,0,0,0,0,0,0,1,0,0,0,0,0,0,0,0,1,0,0,0,0,0,0,0,0,0,0,0,0,0,0,0,0,0,0,0,0,0,0,1
http://oceanofgames.com/,0,0,0,0,0,0,0,16,0,0,0,1,0,0,0,0,0,0,0,0,0,0,0,0,0,0,0,0,0,0,0,0,0,0,0,0,0,0,0,0,0,0,0,0,0,0,0,0,0,0,0,0,0,0,0,0,0,0,0,0,0,0,0,0,0,0,0,0,0,0,0,0,0,0,0,0,0,0,0,0,0,0,0,0,0,0,0,0,0,0,0,0,0,0,0,0,0,0,0,0,0,0,0,0,0,0,0,0,0,0,0,0,0,0,0,0,0,0,0,0,0,0,0,0,0,0,8,0,0,0,0,0,0,0,0,0,2,0,0,0,0,0,0,0,0,0,0,0,0,0,0,0,0,0,0,0,0,0,0,0,0,0,0,0,0,0,0,0,0,0,0,0,0,0,0,0,0,0,0,1,0,0,0,0,0,0,0,0,0,0,0,0,0,0,0,0,0,0,0,0,0,0
https://www.naaptol.com/,3,30,2,27,4,1,10,7,5,2,0,6,1,8,14,4,5,8,10,0,1,1,5,16,2,0,2,8,2,1,1,0,8,6,3,0,1,5,11,7,5,2,0,0,4,1,0,7,0,6,3,4,0,1,5,8,1,2,2,6,1,4,3,2,1,0,1,0,0,5,2,8,2,0,0,3,0,5,2,0,1,2,2,6,0,2,18,0,0,0,0,0,10,11,0,0,0,6,0,8,5,0,4,0,0,0,1,2,4,9,0,0,0,2,1,0,0,0,2,0,0,1,2,1,0,0,0,7,0,1,0,0,0,0,26,0,5,13,0,0,0,6,0,2,0,4,0,0,2,0,0,0,2,0,0,0,0,3,0,0,7,1,0,2,1,0,0,0,5,0,0,12,0,0,0,0,7,0,1,2,0,0,1,0,0,0,1,0,0,0,0,0,0,0,0,0,0,0,2,2,17,1
https://www.youtube.com/,0,0,2,3,0,0,0,0,0,0,0,1,0,2,0,0,0,0,0,0,0,0,0,0,1,0,3,0,0,0,0,0,0,0,0,0,0,0,0,6,0,0,2,0,6,0,0,0,0,0,0,0,0,2,0,0,0,0,0,0,2,0,0,0,0,3,0,0,0,0,0,0,0,1,1,0,0,0,0,0,0,0,0,0,0,0,3,0,0,0,0,0,0,0,0,0,1,0,0,0,0,1,0,0,0,0,1,0,0,0,0,0,0,0,0,0,0,0,0,2,0,3,4,0,0,0,7,0,0,0,0,0,0,0,0,0,1,0,0,0,0,0,0,0,0,0,0,0,11,0,0,0,0,0,0,0,0,0,0,0,0,0,0,0,0,12,0,0,0,0,0,0,0,0,0,0,0,0,0,0,0,2,0,0,0,0,0,0,0,0,0,0,0,0,0,0,0,0,0,0,0,0
https://www.pepperfry.com/,2,3,6,6,4,1,0,3,25,2,0,1,0,0,0,0,0,5,0,1,1,0,0,2,0,0,0,0,2,14,0,9,0,0,7,0,1,0,0,5,0,2,0,6,3,1,0,2,3,14,1,0,4,3,0,0,0,0,6,10,0,2,1,1,1,0,1,1,1,0,0,11,6,0,1,2,8,1,0,2,1,8,0,0,0,0,0,0,0,0,0,0,0,0,0,1,0,2,0,1,15,0,0,0,2,1,1,1,3,0,0,0,0,0,0,0,1,6,0,0,0,0,0,1,0,0,0,0,0,5,0,0,0,0,1,0,0,0,0,0,0,0,2,0,0,3,5,5,0,0,0,0,4,0,0,0,1,1,1,1,0,0,0,0,0,2,0,0,6,0,0,0,0,0,0,0,0,0,0,0,2,1,0,0,2,12,0,0,0,0,0,0,0,0,0,0,0,0,11,0,0,1
https://orchardmile.com/,59,12,12,7,3,19,2,0,3,0,0,3,0,2,0,0,0,1,1,0,0,1,1,0,9,0,6,0,0,1,0,12,6,13,1,15,1,1,0,14,1,0,0,0,2,1,0,7,0,1,1,0,0,0,0,0,1,0,0,1,2,1,0,0,1,0,1,0,0,0,0,0,0,0,0,5,0,3,5,0,2,0,2,0,0,1,1,1,2,1,0,0,0,0,0,1,0,1,0,0,0,0,0,1,0,0,0,0,1,0,0,0,0,1,3,0,24,0,0,0,1,3,1,0,0,0,0,0,0,0,1,0,0,0,0,0,0,0,0,4,0,0,0,0,0,0,0,1,0,0,0,1,2,0,0,1,2,0,1,1,0,0,0,0,0,0,1,1,0,0,0,1,0,0,0,1,0,0,0,1,0,0,2,1,0,0,0,0,0,0,0,0,0,0,0,0,0,0,1,0,2,1
https://www.nike.com/in/,0,0,0,0,0,0,0,0,0,0,0,0,0,0,0,0,0,0,0,0,0,0,0,0,1,0,0,0,1,0,0,0,0,0,0,0,0,0,0,0,0,0,0,0,0,0,0,0,0,0,0,0,0,0,0,0,0,0,0,0,0,0,0,0,0,0,0,0,4,0,0,0,0,0,0,0,0,2,0,0,0,0,0,0,0,0,0,0,0,0,0,0,0,0,0,0,0,0,0,0,0,0,0,0,0,0,0,0,0,0,0,0,0,0,0,0,0,0,0,0,0,0,0,0,0,0,0,0,0,0,0,0,0,0,0,0,0,0,0,0,0,0,0,0,0,0,0,0,0,0,0,0,0,0,0,0,0,0,0,0,0,0,0,0,0,0,0,0,0,0,0,0,0,0,0,0,0,0,0,0,0,0,0,0,1,0,0,0,0,0,0,0,0,0,0,0,0,0,0,0,0,1
https://www.justickets.in/new-delhi,0,0,0,0,0,0,0,0,0,0,0,0,0,0,0,0,0,0,0,0,0,0,0,0,0,0,1,0,0,0,0,0,0,0,0,0,0,0,0,0,0,0,0,0,0,0,0,0,0,0,0,0,0,0,0,0,0,0,0,0,0,0,0,0,0,0,0,0,0,0,0,0,0,0,0,0,0,0,0,0,0,0,0,0,0,0,0,0,0,0,0,0,0,0,0,0,0,0,0,0,0,0,0,0,0,0,0,0,0,0,0,0,0,0,0,0,0,0,0,0,0,0,0,0,0,0,0,0,0,0,0,0,0,0,0,0,0,0,0,0,0,0,0,0,0,0,0,0,0,0,0,0,0,0,0,0,0,0,0,0,0,0,0,0,0,0,0,0,0,0,0,0,0,0,0,0,0,0,0,0,0,0,0,0,0,0,0,0,0,0,0,0,0,0,0,0,0,0,0,0,0,1
https://www.tatacliq.com/,5,5,1,2,5,0,4,2,7,5,0,4,4,5,14,26,18,21,1,11,0,0,3,13,0,0,1,4,0,0,0,0,14,0,0,0,0,9,0,1,0,0,0,0,5,0,0,5,0,0,0,0,0,0,0,3,1,0,0,0,0,0,0,2,0,0,0,0,0,2,0,1,0,0,0,1,0,2,2,1,1,0,0,0,0,2,1,1,0,0,0,0,0,0,0,0,0,0,0,1,0,0,5,2,2,0,1,9,0,6,0,0,0,0,0,0,0,0,0,0,0,0,1,0,0,0,0,1,0,0,2,1,0,0,0,0,1,4,0,0,7,0,0,0,0,0,4,0,0,0,0,0,0,0,0,0,1,3,1,2,1,0,0,0,1,0,0,2,0,0,0,0,0,0,0,0,0,0,0,1,2,0,1,3,1,0,4,0,0,0,0,0,0,0,0,0,0,0,0,8,1,1
https://www.everlane.com/,1,0,1,0,1,0,0,3,1,0,0,0,0,0,0,0,0,0,0,0,0,0,0,0,1,0,1,0,0,1,0,2,0,0,5,0,0,0,0,0,0,0,0,0,0,1,0,0,0,0,0,0,0,0,0,0,3,0,1,0,0,0,0,0,1,0,1,0,2,0,0,0,0,0,0,2,0,0,0,0,0,0,0,0,0,0,0,0,0,0,0,0,0,0,0,1,1,0,0,0,0,0,0,0,1,0,0,0,0,0,0,0,0,0,0,0,0,0,0,0,0,5,0,0,0,0,0,0,0,0,0,0,0,0,0,0,0,0,0,0,0,0,1,0,0,0,0,0,0,0,0,0,0,0,0,0,0,0,0,1,0,0,0,0,0,0,0,0,0,0,0,0,0,0,0,0,0,0,0,1,0,0,0,0,0,0,0,0,0,0,0,0,0,0,0,0,0,0,0,0,0,1
https://www.apple.com/in/,0,0,2,0,0,0,0,0,0,1,0,0,0,0,0,0,0,0,0,0,0,0,0,0,0,0,0,0,0,1,0,0,0,0,0,0,1,0,0,0,0,1,0,0,1,1,0,0,0,0,0,0,0,0,0,0,0,0,0,0,1,0,1,0,3,0,1,0,1,0,0,0,0,0,0,1,0,0,0,1,1,0,0,0,2,0,0,0,0,0,0,0,0,0,0,0,0,0,0,1,0,0,0,0,0,0,0,0,0,0,0,0,1,1,0,9,0,0,0,0,0,0,0,2,0,0,0,0,0,0,0,0,18,0,0,0,0,0,0,0,0,0,0,0,0,0,0,0,0,0,0,0,0,0,0,2,0,0,0,0,5,0,0,0,0,0,0,0,0,0,0,0,0,0,0,0,0,0,0,1,0,0,0,0,0,0,0,0,0,0,0,0,0,0,0,0,0,0,0,0,0,1
https://www.myntra.com/,0,1,3,2,0,0,1,0,1,0,0,0,0,0,1,1,1,0,2,0,0,0,1,2,0,0,0,1,0,2,0,0,9,0,1,0,2,2,0,1,1,1,0,0,0,0,0,2,0,0,0,0,0,0,0,2,1,0,0,0,0,0,0,0,0,0,1,0,0,1,0,2,0,0,0,1,0,0,0,0,0,0,1,0,0,1,0,1,0,0,0,0,0,0,0,0,0,0,0,0,0,0,0,0,1,0,0,2,0,1,0,0,0,1,0,0,0,0,0,0,0,0,0,0,0,0,0,0,0,1,0,1,0,0,0,0,1,0,0,0,0,0,1,0,0,0,0,0,0,0,0,0,0,0,0,0,0,0,0,2,0,0,0,0,0,0,0,0,0,0,0,0,0,0,0,3,0,0,0,1,0,0,0,0,0,0,0,0,0,0,0,0,0,0,0,0,0,0,0,0,0,1
https://www.jabong.com/,1,2,1,2,0,0,0,1,1,0,0,2,1,0,3,0,1,2,0,0,0,0,0,0,0,0,1,3,0,1,0,1,4,1,0,0,0,1,0,2,0,0,0,0,0,1,0,1,0,0,0,0,0,2,0,1,1,0,0,0,0,0,2,0,1,0,2,0,0,0,1,0,0,0,0,0,0,0,2,1,1,0,0,0,0,1,0,0,0,0,0,0,0,0,0,1,0,0,0,0,0,0,0,0,0,0,1,2,0,1,0,0,0,0,0,0,0,0,0,0,0,0,1,0,0,0,1,0,0,0,0,0,0,1,0,0,2,0,0,0,0,0,0,0,0,0,0,0,0,0,0,0,0,0,0,0,0,0,0,1,0,0,0,0,0,0,0,0,0,1,0,0,0,0,0,0,0,0,0,0,0,0,0,0,1,0,0,0,0,0,0,0,0,0,0,0,0,0,0,0,0,1
https://www.healthkart.com/,5,6,5,3,6,1,43,2,7,0,0,76,6,1,5,2,0,19,0,11,2,1,25,11,0,0,3,5,11,0,0,8,0,0,4,6,2,0,1,0,2,10,0,0,1,2,0,2,1,0,2,4,0,3,3,4,0,9,0,0,1,0,8,8,1,4,2,0,1,0,1,0,5,2,0,4,12,1,2,0,1,21,0,18,2,0,2,0,0,0,2,0,0,0,0,1,2,0,0,0,0,0,1,2,1,0,1,2,0,0,0,0,1,4,1,1,0,0,0,0,0,2,1,1,0,0,0,0,0,5,0,0,0,0,0,64,3,15,0,0,0,0,4,0,0,0,0,0,0,0,16,0,1,0,0,0,0,0,0,2,0,0,1,0,0,0,2,2,0,2,0,0,0,0,0,2,0,0,0,0,0,0,2,0,1,0,0,0,0,0,0,0,0,0,0,0,0,0,0,0,0,1
https://www.w3schools.com/,0,0,0,0,1,0,0,1,0,0,0,0,0,0,0,0,0,0,0,0,0,0,0,0,0,0,0,0,0,0,0,0,0,0,0,0,0,0,1,0,4,0,0,0,0,1,0,0,0,2,0,0,2,0,0,0,0,0,0,0,2,0,1,0,1,0,1,0,3,0,0,0,0,0,1,1,0,0,0,0,0,0,0,0,0,0,0,0,0,0,0,0,0,0,0,1,0,0,0,0,0,0,0,0,0,0,0,0,0,0,3,0,0,0,0,0,0,0,0,0,0,0,0,0,0,0,0,0,0,0,0,0,0,0,0,0,0,0,0,0,0,0,0,0,0,0,0,0,0,0,0,0,0,0,0,0,0,0,0,0,0,0,0,0,0,0,0,0,0,0,0,0,0,0,0,0,0,0,0,1,0,0,0,0,0,0,0,0,0,0,0,0,0,0,0,0,0,0,0,0,0,0
https://www.fandango.com/14258645031,0,0,0,1,0,0,0,0,0,0,0,0,0,0,0,0,0,0,0,0,0,0,0,0,1,0,0,0,0,0,0,0,0,0,0,0,0,0,0,0,0,0,0,0,0,0,0,0,0,0,0,0,0,0,0,0,0,0,0,0,0,0,0,0,0,0,0,0,0,0,0,0,0,2,0,0,0,0,0,0,0,0,0,0,0,0,0,0,0,0,0,0,0,0,0,0,0,0,0,0,0,0,0,0,0,0,1,0,0,0,0,0,0,0,0,0,0,0,0,0,0,0,0,0,0,0,0,0,0,0,0,0,0,0,0,0,0,0,0,0,0,0,0,0,0,0,0,0,0,0,0,0,0,0,0,0,0,0,0,0,0,0,0,0,0,0,0,0,0,0,0,0,0,0,0,0,0,0,0,0,0,0,0,0,0,0,0,0,0,0,0,0,0,0,0,0,0,0,0,0,0,1
https://www.caratlane.com/?,5,0,0,3,1,0,1,2,1,0,0,1,1,0,0,0,1,0,0,1,0,0,0,0,0,0,1,0,0,2,0,0,0,0,0,0,0,0,0,1,0,1,0,0,3,1,0,0,0,0,2,0,0,1,0,0,0,0,0,0,1,0,0,0,0,1,0,0,1,0,2,0,0,0,0,0,0,1,0,0,0,0,0,0,0,0,0,0,0,0,0,0,0,0,0,0,0,0,0,0,0,0,1,0,0,3,1,2,1,11,0,0,7,0,0,0,0,0,0,0,0,1,2,0,0,0,1,0,0,0,0,0,0,0,0,0,0,0,0,0,0,0,1,0,0,0,0,0,0,0,0,0,1,0,0,0,1,0,0,0,0,0,0,0,0,0,0,0,0,0,0,0,0,0,0,0,0,0,0,0,0,1,2,2,0,0,0,0,0,0,0,0,0,0,0,0,0,0,0,0,0,1
https://www.rebeccaminkoff.com/,16,12,14,0,4,3,3,1,13,0,0,0,0,4,1,0,6,0,4,3,2,0,0,0,0,0,1,0,3,1,0,3,8,0,3,14,3,7,0,0,0,1,0,1,0,0,1,12,1,0,0,0,0,1,1,0,2,0,17,0,5,2,0,0,1,0,0,0,0,0,0,0,0,1,0,0,1,1,6,1,2,0,2,0,0,2,0,2,0,0,0,0,2,0,0,2,0,0,0,0,0,0,0,7,2,2,3,0,1,0,2,0,1,0,13,3,1,0,0,0,0,3,0,0,0,0,0,0,0,0,0,0,0,0,0,0,0,0,0,0,0,0,0,0,0,0,0,0,0,0,1,0,0,0,0,0,0,0,0,1,0,1,54,1,0,0,1,0,0,0,0,0,0,56,0,2,1,0,2,1,0,0,0,3,0,0,0,0,0,0,0,0,0,0,0,0,0,0,0,0,0,1
https://warframe.market/,0,0,0,0,0,0,0,0,0,1,0,0,0,0,0,0,0,0,0,0,0,0,0,0,0,0,0,0,0,0,0,0,0,0,0,0,1,0,0,0,0,0,0,0,0,0,0,0,0,0,0,0,0,0,0,0,0,0,0,0,0,0,0,0,0,0,0,0,2,0,0,0,0,0,0,0,0,0,0,0,0,0,0,0,0,0,0,0,0,0,0,0,0,0,0,0,0,0,0,0,0,0,0,0,0,0,0,0,0,0,0,0,0,0,0,0,0,0,0,0,0,0,0,0,0,0,0,0,0,0,0,0,0,0,0,0,0,0,0,0,0,0,0,0,0,0,0,0,0,0,0,0,0,0,0,0,0,0,0,0,0,0,0,0,0,0,0,0,0,0,0,0,0,0,0,0,0,0,0,1,0,0,0,0,0,0,0,0,0,0,0,0,0,0,0,0,0,0,0,0,0,0
https://www.snapdeal.com/,1,0,2,0,2,3,0,0,0,0,0,0,1,0,2,1,2,0,0,0,4,1,0,0,0,0,1,1,7,2,1,2,0,0,0,1,1,0,0,0,0,1,0,1,2,4,0,0,3,0,0,3,0,6,5,0,0,0,0,0,2,0,0,0,1,0,2,0,0,0,0,0,1,3,0,1,2,0,0,1,0,0,0,0,1,0,0,0,0,0,0,0,0,0,0,0,0,0,0,0,0,0,0,0,0,0,0,3,0,0,0,0,1,0,0,0,0,0,0,0,1,0,1,0,0,0,0,0,0,0,0,0,0,0,0,0,0,0,0,2,0,0,2,0,0,0,0,0,0,0,0,0,0,0,0,1,0,0,1,0,2,0,0,3,0,4,0,0,0,0,0,0,0,0,0,0,0,0,0,1,0,0,0,0,1,0,0,0,0,0,0,0,0,0,0,0,0,0,0,0,0,1
https://www.redblobgames.com/,0,0,0,2,0,0,0,0,0,0,0,0,0,0,0,0,0,0,0,0,0,0,0,0,0,0,0,0,0,0,0,1,0,0,0,0,0,0,0,0,0,0,0,0,0,0,0,0,0,0,0,0,0,0,0,0,0,0,0,0,0,0,0,0,0,0,0,0,1,0,0,0,0,1,0,0,0,0,0,0,0,0,0,0,0,0,0,0,0,0,0,0,0,0,0,0,0,0,0,0,0,0,0,0,0,0,1,0,0,0,0,0,0,0,0,0,0,0,0,0,0,0,0,0,0,0,0,0,0,0,0,0,0,0,0,0,0,0,0,0,0,0,0,0,0,0,0,0,0,0,0,0,0,0,0,0,0,0,1,0,0,0,1,0,0,0,0,0,0,0,0,0,0,0,0,0,0,0,0,0,0,0,0,0,0,0,0,0,0,0,0,0,0,0,0,0,0,0,0,0,0,0
https://www.dell.com/en-in,4,9,4,25,2,32,0,0,5,2,0,0,1,0,0,2,2,0,0,2,0,0,0,2,0,0,7,0,0,0,0,0,0,0,3,1,4,0,0,0,0,3,0,0,3,0,0,0,2,0,4,0,1,2,3,0,1,0,0,0,2,0,13,10,1,0,1,0,1,0,0,0,0,0,0,1,0,0,0,0,3,0,0,0,0,0,0,0,0,0,0,0,0,0,0,1,2,0,0,0,0,0,1,0,1,0,0,0,0,0,2,0,1,0,0,0,0,0,12,0,1,0,0,0,0,0,0,0,0,1,0,0,1,0,0,0,0,0,0,0,0,0,2,0,0,0,0,0,0,0,0,0,0,0,0,6,0,0,2,0,0,0,0,0,0,0,0,3,4,0,0,0,0,0,0,0,0,0,0,0,0,0,0,1,0,0,0,0,0,0,0,0,0,0,0,0,0,0,0,12,0,1
https://www.thehindu.com/,0,0,6,5,4,2,1,4,0,0,0,1,1,0,0,2,0,0,0,0,0,0,0,0,1,0,5,2,1,0,0,1,0,0,0,0,1,0,2,0,0,0,2,1,19,3,0,0,0,0,2,0,1,2,0,0,0,0,1,0,0,0,3,0,1,2,2,0,1,2,0,0,0,2,2,6,1,4,0,0,0,0,0,2,0,0,1,0,0,0,0,0,0,0,0,1,0,1,0,1,0,0,0,4,4,0,0,0,0,0,0,0,0,0,0,5,0,2,0,5,0,4,3,0,0,0,2,0,0,4,0,0,2,0,6,0,6,2,0,0,8,0,2,0,0,0,0,0,1,0,0,0,2,0,0,10,0,0,1,1,5,0,0,0,0,0,0,0,0,0,0,0,0,0,0,0,0,0,0,0,0,3,0,0,1,0,0,0,0,0,0,0,0,0,0,0,0,0,2,0,2,0
https://www.sfml-dev.org/,0,0,0,1,0,0,0,0,0,0,0,0,0,0,0,0,0,0,0,0,0,0,0,0,0,0,0,0,0,0,0,0,0,0,0,0,0,0,0,0,0,0,0,0,0,0,0,0,0,0,0,0,0,0,0,0,0,0,0,0,0,0,0,0,0,0,1,0,0,0,0,0,0,2,0,0,0,0,0,0,0,0,0,0,0,0,0,0,0,0,0,0,0,0,0,0,0,0,0,0,0,0,0,0,0,0,0,0,0,0,0,0,0,0,0,0,0,0,0,0,0,0,0,0,0,0,0,0,0,0,0,0,0,0,0,0,0,0,0,0,0,0,0,0,0,0,0,0,0,0,0,0,0,0,0,0,0,0,0,0,0,0,0,0,2,0,0,0,0,1,0,0,0,0,0,0,0,0,0,0,0,0,0,0,0,0,0,0,0,0,0,0,0,0,0,0,0,0,0,0,0,0
https://www.clovia.com/,6,0,0,0,2,1,0,1,3,0,0,0,0,3,0,2,3,0,0,1,1,0,0,8,0,0,2,1,1,0,0,4,0,0,1,0,0,0,0,0,3,3,0,1,1,0,0,0,0,1,3,1,4,0,2,0,2,1,3,0,0,1,0,0,1,0,1,0,0,2,1,0,4,0,0,1,8,2,0,0,0,1,0,0,0,0,0,0,0,0,0,0,0,0,0,0,1,0,0,0,0,0,2,0,3,0,3,0,1,0,0,0,0,0,0,0,0,1,0,0,0,3,1,0,0,0,0,0,0,0,0,0,0,0,0,0,1,0,0,1,0,0,1,0,0,0,0,0,0,0,0,0,1,0,0,0,1,0,0,0,0,0,2,2,0,0,2,2,0,0,0,0,0,0,0,0,0,0,0,1,1,0,0,0,1,0,0,0,0,0,0,0,0,0,0,0,0,0,0,0,2,1
https://www.thequirkbox.com/,0,0,0,0,0,1,0,0,0,0,0,0,0,0,0,0,0,0,0,0,0,0,0,0,0,0,1,0,0,0,0,1,0,0,0,0,0,0,0,0,0,0,0,0,0,0,0,0,0,0,1,0,0,1,0,0,0,0,0,0,0,0,0,0,0,0,0,0,0,2,0,0,1,0,0,1,0,0,0,0,0,0,0,0,0,0,0,0,0,0,0,0,0,0,0,0,0,0,0,0,0,0,1,0,0,1,0,0,0,0,0,0,0,0,0,0,0,0,0,0,0,0,0,0,0,0,0,0,0,0,0,0,0,0,0,0,0,0,0,0,0,1,0,0,0,0,0,0,0,0,0,0,0,0,0,0,0,0,0,0,0,0,0,0,0,0,0,0,0,0,0,0,0,0,0,0,0,0,0,0,0,0,0,0,0,0,0,0,0,0,0,0,0,0,0,0,0,0,0,0,0,1
https://www.nykaa.com/,63,19,28,3,16,2,34,16,6,8,0,14,4,0,4,0,1,20,2,14,0,0,59,1,3,0,0,1,0,10,0,0,0,27,0,0,2,2,0,1,27,0,0,0,0,1,0,16,2,7,3,0,1,2,2,0,0,32,2,13,1,9,0,0,0,0,0,0,0,6,0,0,0,0,3,0,0,1,2,1,4,0,4,4,0,7,1,6,9,0,23,1,0,1,0,0,0,13,0,1,0,0,1,0,0,0,2,2,0,5,3,0,0,35,2,0,4,1,0,0,0,0,6,9,0,0,2,1,0,0,0,0,0,0,0,1,3,1,0,0,0,1,3,0,1,0,1,0,0,0,0,0,2,0,0,0,2,1,1,0,1,3,0,0,1,0,8,0,1,0,20,0,0,0,0,3,0,0,0,1,1,7,1,2,0,0,0,0,0,0,0,0,0,0,0,0,0,0,2,0,1,1
https://hidester.com/proxylist/,0,0,0,0,5,1,0,6,1,0,0,0,0,2,0,7,0,0,0,0,1,3,0,0,0,0,1,0,0,0,1,0,0,0,0,0,1,0,0,0,0,0,0,1,1,0,0,0,0,0,1,0,0,0,0,0,0,0,0,0,1,0,2,0,0,1,0,0,0,0,0,0,1,2,1,8,4,3,0,0,2,3,0,0,0,0,0,0,0,0,0,0,0,0,0,1,2,5,2,0,0,1,0,1,0,0,0,1,0,0,1,0,0,0,0,0,0,0,0,0,8,0,0,0,0,0,0,0,0,2,0,0,0,0,1,0,0,0,0,0,0,0,0,0,0,0,0,0,0,0,1,0,1,0,0,1,0,0,0,0,0,0,0,0,2,0,0,0,0,0,0,0,0,0,0,0,0,0,0,1,0,0,0,0,3,0,0,0,0,0,0,0,0,0,0,0,0,0,0,0,0,0
http://www.opengl-tutorial.org/,0,0,0,1,0,0,0,2,0,0,0,0,0,0,0,0,0,0,0,0,0,0,0,0,0,0,0,0,1,0,0,0,0,0,0,0,3,0,1,0,0,0,0,0,0,0,0,0,0,0,0,0,0,0,0,0,0,0,0,0,0,0,0,0,0,0,0,0,1,0,0,0,0,0,1,0,0,0,0,0,0,0,0,0,0,0,0,0,0,0,0,0,0,0,0,1,0,1,0,0,0,1,0,0,0,0,0,0,0,0,0,0,0,0,0,0,0,0,0,0,0,2,0,0,0,0,0,0,0,0,0,0,0,0,0,0,0,0,0,0,0,0,0,0,0,0,0,0,0,0,0,0,0,0,0,0,0,0,0,0,0,0,0,0,1,0,0,0,0,0,0,0,0,0,0,0,0,0,0,0,0,0,0,0,0,0,0,0,0,0,0,0,0,0,0,0,0,0,0,0,0,0
https://store.moma.org/,1,11,6,8,4,2,0,7,2,0,0,0,0,13,0,5,1,0,0,15,0,0,0,0,1,0,3,0,2,8,0,4,0,0,4,14,7,1,0,7,0,6,0,1,3,4,0,1,0,0,0,0,0,7,1,0,11,0,2,0,3,1,2,0,2,0,3,0,0,1,0,5,0,0,0,0,0,0,0,13,1,0,0,1,2,0,5,0,8,0,0,0,0,2,0,1,4,2,0,0,4,1,0,0,0,1,0,0,4,0,0,0,0,0,0,0,7,0,0,0,1,1,2,0,0,0,0,0,0,0,0,0,1,0,0,0,0,0,0,0,0,0,8,0,0,2,1,6,0,0,1,0,2,2,0,0,0,0,5,3,1,0,0,3,0,0,1,2,1,3,0,0,0,0,0,0,0,0,12,1,0,0,3,0,1,3,1,0,0,0,0,0,0,0,0,0,0,0,3,0,0,1
https://www.beautyhabit.com/,0,10,5,6,1,0,20,7,2,0,0,0,4,0,6,0,1,2,0,0,0,0,14,0,5,0,0,0,0,8,0,1,0,25,1,3,1,0,2,4,24,0,0,0,0,1,0,2,1,10,0,0,0,0,0,0,1,6,4,10,2,6,0,1,1,0,0,0,0,2,0,0,0,2,0,0,0,0,0,0,0,0,0,0,0,0,0,0,9,0,4,0,0,0,0,0,0,8,0,0,0,2,3,0,0,1,0,0,0,0,0,0,0,4,0,0,0,0,0,0,0,2,0,0,0,0,0,0,0,0,0,0,0,2,1,0,0,0,0,0,0,0,0,0,0,0,0,0,0,0,0,0,1,0,0,0,0,0,0,0,0,0,0,0,0,0,4,0,0,0,0,0,0,0,0,0,0,0,0,0,0,4,0,4,0,0,0,0,0,0,0,0,0,0,0,0,0,0,0,0,0,1
https://rewardz.sbi/Movie/BMSMovieRequest.aspx,0,6,0,4,2,0,3,0,0,0,6,0,0,0,1,0,1,0,0,2,2,0,0,3,0,0,0,0,0,7,0,0,0,1,0,1,2,0,0,0,0,3,0,0,1,2,0,0,1,1,0,0,0,0,0,0,0,0,0,1,0,1,0,0,2,0,2,0,1,1,0,2,3,0,0,0,0,0,0,1,0,2,0,1,0,0,0,0,5,2,0,0,0,0,0,0,0,0,0,0,0,0,0,0,1,0,0,0,0,2,7,0,0,0,0,0,0,0,0,0,0,0,1,0,0,0,0,0,0,0,0,0,0,0,0,0,2,1,0,3,1,0,0,0,0,0,3,1,0,0,1,0,0,0,0,0,0,0,0,0,0,0,0,0,0,0,0,0,0,2,0,4,0,0,0,0,0,0,0,1,0,0,0,1,0,1,0,0,0,0,0,0,0,0,0,0,0,0,1,0,0,1
https://www.only.in/,0,0,2,0,0,0,0,3,0,0,0,0,0,0,0,0,1,0,0,1,0,0,0,0,0,0,2,0,0,0,1,0,0,0,4,0,0,0,0,0,0,1,0,0,0,1,0,0,1,0,0,0,0,0,1,0,3,0,0,0,1,0,0,0,1,0,1,0,0,0,0,0,2,0,0,0,0,0,0,0,0,0,0,0,0,0,0,2,0,0,0,0,0,0,0,0,0,0,0,0,0,0,0,0,0,0,0,0,0,0,0,0,0,0,0,0,0,0,0,0,0,2,1,0,0,0,0,0,0,1,0,0,0,0,0,0,0,0,0,2,0,0,0,0,0,0,0,0,0,0,0,0,1,0,0,0,0,0,0,3,0,0,0,0,0,0,0,0,0,1,0,0,0,0,0,0,0,0,0,0,0,0,0,0,0,0,0,0,0,0,0,0,0,0,0,0,0,0,0,0,0,1
https://www8.hp.com/in/en/home.html,0,6,0,8,0,0,4,0,4,1,0,0,0,0,0,0,1,0,0,4,0,0,0,0,0,0,0,0,0,0,0,0,0,0,0,0,0,0,0,0,0,0,0,0,1,1,0,0,1,0,0,0,0,0,3,0,0,0,0,0,3,0,8,0,1,0,1,0,1,0,0,0,0,1,0,2,0,0,0,0,2,0,0,0,0,0,0,0,0,0,0,0,0,0,0,0,4,4,0,0,0,0,0,0,0,0,0,0,0,0,1,0,0,0,0,1,0,0,4,0,0,2,0,0,0,0,0,0,0,0,0,0,0,0,0,0,0,0,0,0,0,0,0,0,0,0,0,4,0,0,0,0,0,0,0,22,0,0,1,0,0,0,0,0,0,0,0,0,0,0,0,0,0,0,0,0,0,0,0,0,0,0,0,0,0,0,0,0,0,0,0,0,0,0,0,0,0,0,0,10,0,1
https://in.bookmyshow.com/noida/movies,0,0,4,10,1,1,1,2,0,0,17,0,2,24,0,12,0,0,0,0,0,3,0,5,3,3,18,0,19,2,0,16,0,0,1,0,1,0,0,0,0,9,57,14,0,6,0,0,0,0,1,0,0,2,0,0,0,0,2,0,0,0,1,0,7,1,6,0,2,0,15,0,1,3,0,2,8,0,0,2,1,5,0,0,2,0,0,0,0,9,0,0,0,3,0,0,0,0,0,0,0,6,0,2,1,0,4,3,1,0,12,0,0,0,0,2,0,0,1,5,0,4,2,0,0,3,0,0,0,0,0,0,0,0,4,0,5,0,0,2,0,0,0,0,0,0,0,7,4,15,8,0,0,0,0,0,2,0,4,0,0,0,0,0,7,0,0,4,0,5,0,0,0,0,0,0,4,0,0,1,0,0,0,0,2,0,0,0,0,0,0,0,0,0,0,0,0,0,0,0,0,1
https://www.biba.in/,2,0,8,1,2,3,0,2,0,0,0,6,4,1,0,8,5,0,24,3,0,22,0,0,3,0,1,15,0,0,0,0,0,0,4,1,2,0,1,1,0,4,0,0,2,2,0,0,6,22,4,1,0,3,0,0,4,0,16,0,2,0,0,0,2,0,2,0,0,1,3,0,1,0,1,2,0,0,0,1,3,0,0,0,0,17,44,14,0,0,1,1,0,0,0,0,2,0,0,0,0,0,3,4,0,2,0,0,3,8,0,0,2,2,4,0,0,0,0,0,0,0,0,0,0,0,2,0,0,2,23,52,0,0,0,0,0,0,0,2,0,0,0,0,0,0,0,1,0,0,0,0,2,0,0,2,1,0,0,4,0,0,0,3,1,0,0,0,0,0,0,0,0,0,0,20,0,0,1,0,2,0,0,2,0,0,0,0,0,0,0,0,0,0,0,0,0,0,6,0,1,1
https://www.chumbak.com/,1,0,1,0,2,1,0,5,0,0,0,0,0,0,0,0,0,0,0,1,0,0,0,1,0,0,0,0,0,0,0,2,0,0,1,0,3,0,0,0,0,0,0,0,0,1,0,0,0,0,0,0,0,3,0,0,2,0,0,0,0,0,1,0,1,0,1,0,0,0,1,0,0,0,0,1,0,0,0,0,0,0,0,0,0,0,0,0,0,0,0,0,0,0,0,0,0,0,0,0,0,0,0,1,0,0,0,1,0,0,0,0,0,0,0,2,0,0,0,0,0,1,0,0,0,0,2,0,0,1,0,0,0,0,0,0,0,0,0,0,0,0,1,0,0,0,0,0,0,0,1,0,0,0,0,0,0,0,1,2,0,0,0,2,1,0,0,0,0,0,0,0,0,0,0,0,1,0,0,0,0,0,0,0,0,0,0,0,0,0,0,0,0,0,0,0,0,0,0,0,0,1
https://www.adidas.co.in/,1,0,0,1,0,0,0,0,0,0,0,0,0,0,0,0,0,1,0,0,0,0,0,0,1,0,0,0,0,0,0,0,0,0,0,0,1,0,0,0,0,1,0,0,1,0,0,0,0,0,0,0,0,0,0,0,0,0,0,0,1,0,0,0,0,0,0,0,0,0,0,0,0,4,0,1,0,0,0,0,2,0,0,0,0,0,0,0,0,0,0,0,0,0,0,0,0,0,0,0,0,0,0,0,0,0,0,0,0,0,0,0,0,0,0,1,0,0,0,0,0,0,0,0,0,0,0,0,0,0,0,0,1,0,0,0,1,0,0,0,0,0,0,0,0,0,0,0,0,0,0,0,0,0,0,0,0,0,1,0,0,0,0,0,0,0,0,0,0,0,0,0,0,0,0,0,0,0,0,0,0,0,0,0,1,0,0,0,0,0,0,0,0,0,0,0,0,0,0,0,0,1
https://www.chessprogramming.org/Main_Page,0,0,2,0,0,3,0,0,0,0,0,1,0,1,0,0,0,0,0,0,0,0,0,1,0,0,0,0,2,0,0,0,0,0,0,0,0,0,1,0,0,0,0,0,0,1,0,0,0,0,0,0,0,0,0,0,0,0,0,0,4,0,0,0,1,0,0,0,3,0,0,0,0,5,0,2,0,0,0,0,1,0,0,0,0,0,0,0,0,0,0,0,0,0,0,0,0,2,0,0,0,0,0,0,0,0,3,0,0,0,0,0,0,0,0,0,0,0,0,0,0,0,0,1,0,0,0,0,0,0,0,0,1,0,0,0,0,0,0,0,0,0,0,0,0,0,0,0,0,0,0,0,2,0,0,0,0,0,0,0,0,0,0,0,2,0,0,0,0,0,0,0,0,0,0,0,0,0,0,0,0,0,0,1,0,0,0,0,0,0,0,0,0,0,0,0,0,0,0,0,0,0
https://www.voonik.com/,0,0,0,0,0,0,0,0,0,0,0,0,1,0,0,0,0,0,2,0,0,0,0,0,0,0,0,0,0,0,1,0,1,0,0,0,0,0,0,0,0,0,0,0,0,0,0,1,0,0,0,0,0,0,0,0,0,0,0,0,0,0,0,0,0,0,0,0,0,0,0,0,0,1,0,0,0,0,0,0,1,0,0,0,0,0,0,0,0,0,0,0,0,0,0,0,0,0,0,0,0,0,0,0,0,0,0,0,0,2,0,0,0,0,0,0,0,0,0,0,0,0,0,0,0,0,0,0,0,0,0,0,0,0,0,0,0,0,0,0,0,0,0,0,0,0,0,0,0,0,0,0,0,0,0,0,0,0,0,0,0,0,0,0,0,0,0,1,0,0,0,0,0,0,0,3,0,0,0,1,0,0,0,0,0,0,0,0,0,0,0,0,0,0,0,0,0,0,0,0,0,1
https://www.reddit.com/,0,0,2,0,1,1,0,3,0,0,0,0,0,0,1,0,0,0,2,0,0,1,0,0,0,0,1,2,0,0,0,0,0,0,1,0,0,0,0,0,0,0,1,0,1,1,0,0,0,0,1,0,0,1,0,0,0,0,0,0,3,0,1,0,1,0,0,0,3,0,0,0,0,1,0,2,0,0,0,0,0,0,0,0,0,0,0,0,0,1,0,0,0,0,0,1,1,0,0,0,0,0,0,1,1,0,1,1,0,0,0,0,0,0,0,0,0,3,0,0,0,1,0,0,0,0,1,0,0,0,0,0,0,0,0,0,1,0,0,0,0,0,0,0,0,0,0,0,0,0,0,0,1,0,0,1,1,0,0,0,0,2,0,0,1,0,0,0,1,0,0,0,0,0,0,1,0,0,0,1,0,1,0,1,0,0,0,0,0,0,0,0,0,0,0,0,0,0,1,0,1,0
https://www.biotique.com/,9,0,4,2,3,1,7,5,1,0,0,2,3,0,3,2,2,0,0,7,0,0,6,0,3,0,0,1,8,1,3,7,0,2,12,0,9,0,0,1,4,7,0,0,2,1,0,0,1,1,0,0,0,3,0,0,7,4,2,4,2,6,0,0,1,0,1,0,0,0,3,0,7,3,0,1,3,2,0,0,2,5,0,0,0,0,0,0,0,0,1,3,0,0,0,0,1,0,0,0,0,0,2,1,0,0,0,0,2,0,0,0,1,0,1,0,0,0,0,0,0,0,0,1,0,0,0,0,0,8,0,0,0,0,0,0,0,0,0,4,0,0,3,0,0,0,0,0,0,0,4,0,0,0,0,1,1,0,2,1,0,0,0,1,2,0,0,0,0,1,0,0,0,0,0,0,1,0,0,1,0,0,0,0,2,0,0,0,0,0,0,0,0,0,0,0,0,0,0,0,0,1
https://www.1mg.com/,0,0,0,0,0,0,6,0,0,1,0,2,0,0,1,1,0,0,0,0,0,0,1,0,0,0,1,0,0,0,0,0,0,0,0,0,0,0,0,0,0,0,0,0,0,0,0,0,0,0,1,0,0,2,0,0,0,1,0,1,0,0,1,0,1,0,0,0,0,0,0,0,0,0,0,0,0,0,0,0,0,0,0,7,0,0,0,0,0,0,0,0,0,0,0,0,1,0,0,0,0,0,0,0,0,0,0,1,0,0,0,0,0,0,0,0,0,0,0,0,0,0,0,0,0,0,0,0,0,0,0,0,0,0,0,0,0,0,0,0,0,0,0,0,0,0,0,0,0,0,0,0,0,0,0,0,0,0,0,0,0,0,0,0,0,0,0,0,0,0,0,0,0,0,0,0,0,0,0,1,0,0,0,0,0,0,0,0,0,0,0,0,0,0,0,0,0,0,0,0,0,1
https://www.serenaandlily.com/,19,2,19,0,10,0,1,5,1,0,0,0,1,0,0,0,1,0,0,1,1,4,0,0,2,0,2,0,0,1,1,3,0,0,0,3,2,0,0,1,0,1,0,0,0,1,0,0,0,3,0,0,1,0,0,0,3,0,5,11,3,0,0,0,1,0,1,0,0,0,0,1,0,1,1,0,0,0,0,0,3,0,0,0,0,0,0,0,0,0,2,0,0,0,0,0,0,0,0,0,9,0,0,2,0,0,2,0,1,0,0,0,2,0,3,0,2,0,0,0,1,3,2,6,0,0,0,0,0,0,0,0,0,0,0,0,0,0,0,0,0,0,0,0,0,23,0,0,0,0,0,0,0,0,0,0,0,0,0,3,0,0,0,0,0,0,3,0,3,1,0,0,0,0,0,0,0,0,0,1,0,1,1,0,0,15,0,0,0,0,0,0,0,0,0,0,0,0,5,0,0,1
https://www.thelabellife.com/,1,0,5,1,4,0,0,4,1,0,0,0,0,0,0,0,1,0,0,0,0,3,0,1,1,0,2,0,0,1,1,2,0,0,3,0,0,0,0,0,0,4,0,0,1,1,0,0,1,0,0,0,0,1,0,0,2,0,0,0,0,0,1,0,1,0,1,0,0,0,1,0,10,0,0,0,5,0,0,1,0,4,0,0,1,0,0,0,1,0,0,1,0,0,0,1,1,0,0,0,0,0,0,0,0,0,0,0,1,0,0,0,0,0,1,0,0,0,0,0,0,3,1,0,0,0,2,0,0,1,0,0,0,0,1,0,0,0,0,3,0,0,2,0,0,0,0,0,0,0,1,0,0,0,0,0,0,0,0,3,0,0,0,0,0,0,2,0,0,1,0,0,0,0,0,0,0,0,0,1,0,0,1,2,0,0,0,0,0,0,0,0,0,0,0,0,0,0,0,0,0,1
https://www.shopterrain.com/,1,0,3,0,0,0,0,0,0,0,0,2,0,0,0,0,0,0,0,0,0,0,0,1,1,0,2,0,0,2,0,1,0,0,4,2,1,0,0,0,0,3,0,0,0,0,0,0,1,0,0,0,0,4,0,0,2,0,0,0,0,0,0,0,1,0,0,0,0,0,0,0,0,1,0,0,0,1,0,2,0,0,0,0,0,0,0,0,1,0,0,0,0,0,0,1,0,0,0,0,1,0,0,1,0,0,0,0,0,0,0,0,0,0,1,1,0,0,0,0,0,4,0,0,0,0,0,0,0,0,0,0,0,0,0,0,0,0,0,0,0,0,0,0,0,1,0,0,0,0,0,0,0,0,0,0,0,0,2,2,0,0,0,0,0,0,0,1,0,0,0,0,0,0,0,0,0,0,0,1,0,1,0,0,0,1,0,0,0,0,0,0,0,0,0,0,0,0,0,0,0,1
https://www.youshine.in/,0,0,0,8,1,0,0,0,0,0,0,1,1,1,0,1,0,0,0,0,0,0,0,0,0,0,0,0,0,0,0,0,0,0,0,0,2,0,0,1,0,0,0,0,2,0,0,0,0,0,0,0,0,1,0,0,0,0,0,0,0,0,0,0,0,0,0,0,0,0,0,0,0,0,0,0,0,0,0,0,0,0,0,0,0,0,1,0,0,0,0,0,0,0,0,0,3,0,0,0,0,6,0,0,0,0,0,0,0,0,0,0,0,0,0,0,0,0,1,0,0,0,0,0,0,0,0,0,0,0,0,0,0,0,0,0,0,0,0,0,1,0,0,0,0,0,0,0,1,0,0,0,0,0,0,0,0,0,0,0,0,0,0,0,0,0,0,0,0,0,0,0,0,0,0,0,0,0,0,0,0,0,0,0,0,0,0,0,0,0,0,0,0,0,0,0,0,0,0,0,0,1
https://www.movietickets.com/,0,0,0,0,0,0,0,0,0,0,3,0,0,2,0,0,0,0,0,0,0,0,0,0,0,0,0,0,0,1,0,0,0,0,0,0,0,0,0,0,0,0,3,0,0,0,0,0,0,0,0,0,0,0,0,0,0,0,0,0,0,0,0,0,2,0,0,0,0,0,0,0,0,0,0,0,0,2,0,0,0,0,0,0,0,0,0,0,0,0,0,0,0,0,0,0,0,0,0,0,0,0,0,0,0,0,0,0,0,0,0,0,0,0,0,0,0,0,0,0,0,0,0,0,0,0,0,0,0,0,0,0,0,0,0,0,0,0,0,0,0,0,0,0,0,0,1,0,0,0,0,0,0,0,0,0,0,0,0,0,0,0,0,0,0,0,0,0,0,0,0,0,0,0,0,0,0,0,0,1,0,0,0,0,0,0,0,0,0,0,0,0,0,0,0,0,0,0,0,0,0,1
http://www.jiit.ac.in/,0,0,0,3,0,9,0,0,0,0,0,1,0,6,0,4,0,0,0,0,0,3,0,2,0,0,0,0,0,0,0,2,0,0,1,0,12,0,21,0,0,0,0,0,8,2,0,0,0,0,2,0,0,5,1,0,0,0,0,0,0,0,0,0,0,0,0,0,0,0,0,0,7,1,0,0,2,2,0,0,1,0,0,0,0,0,0,0,0,0,0,1,1,3,0,0,0,1,0,0,0,0,0,0,0,0,3,0,0,0,4,0,1,0,0,0,0,0,1,0,0,1,3,2,0,0,2,0,0,2,1,0,1,0,0,0,13,1,0,0,0,0,1,0,0,2,3,6,0,0,1,1,0,0,0,6,0,0,0,0,0,0,1,4,0,0,0,0,0,0,0,0,0,0,0,0,0,0,0,1,0,0,0,0,0,0,0,0,0,0,0,0,0,0,0,0,0,0,6,0,0,0
https://www.suvideals.ooo/,1,0,6,0,0,3,0,0,0,0,0,0,0,2,0,0,4,0,9,1,0,0,0,0,2,0,4,1,2,1,4,5,0,0,0,2,1,0,0,0,1,2,0,0,0,2,0,0,6,2,0,0,2,0,1,0,1,0,0,0,1,0,0,0,1,0,1,0,0,0,0,0,7,0,0,0,1,0,1,1,0,5,0,0,0,0,0,0,0,0,0,2,0,0,0,0,0,0,0,0,0,0,1,0,0,0,0,0,0,0,0,0,0,0,1,0,0,0,0,0,0,1,0,0,0,0,0,0,0,0,0,2,0,0,0,0,0,0,0,3,0,4,0,0,0,0,0,0,0,0,0,0,0,0,0,0,0,0,0,0,0,0,0,1,0,0,0,2,0,1,0,0,0,0,0,0,1,0,2,1,0,0,0,0,0,0,0,0,0,0,0,0,0,0,0,0,0,0,0,0,0,1
https://www.openingceremony.com/,11,6,2,2,2,1,0,1,0,0,0,1,0,0,2,0,0,0,0,1,0,0,0,0,1,0,2,3,0,1,0,1,6,1,1,2,1,0,1,2,0,0,0,0,0,2,0,6,0,0,0,0,0,1,0,0,3,0,10,0,1,0,0,0,2,0,1,0,0,0,0,0,0,2,0,1,0,0,6,0,1,0,2,0,0,1,0,2,0,0,0,0,0,0,0,0,1,0,0,0,0,0,0,0,0,0,0,0,1,0,0,0,0,0,2,0,0,0,0,0,0,0,0,0,0,0,0,0,0,0,0,0,0,0,0,0,0,0,0,0,0,0,2,0,0,0,1,0,0,0,0,0,0,0,0,0,0,0,0,2,0,0,0,0,0,0,1,0,0,0,0,0,0,0,0,0,0,1,0,0,0,0,0,0,0,0,0,0,0,0,0,0,0,0,0,0,0,0,0,0,0,1
https://www.lg.com/in,0,11,1,27,2,2,1,6,11,2,0,4,0,3,0,2,0,0,0,3,0,0,0,18,1,0,2,0,3,0,0,3,0,0,1,0,2,4,0,0,0,2,0,0,7,0,0,0,0,0,0,0,1,3,9,0,0,0,0,0,3,0,8,0,1,0,0,0,1,0,0,3,0,0,0,3,0,1,0,0,0,0,0,0,0,0,0,0,0,0,0,0,0,10,0,0,7,1,0,20,0,2,4,2,6,0,0,0,4,0,3,0,3,0,0,10,0,2,1,0,0,0,0,0,0,0,2,0,0,3,0,0,10,0,0,0,0,0,0,3,0,0,0,0,0,0,0,2,0,0,0,0,4,0,0,4,1,11,2,0,0,0,0,0,0,1,0,0,0,0,0,0,0,0,0,0,1,0,0,1,3,0,0,0,0,0,0,0,0,0,0,0,0,0,0,0,0,0,0,0,0,1
https://needsupply.com/,3,20,10,0,0,0,4,0,0,0,0,2,0,0,0,0,1,0,0,0,0,0,3,0,1,0,0,0,0,0,0,0,8,4,2,0,1,1,0,0,1,1,0,0,0,1,0,11,1,0,0,0,0,1,0,2,0,0,0,3,1,0,1,0,1,0,1,0,0,0,0,5,0,1,0,1,0,0,8,0,1,0,2,0,0,2,0,6,0,0,0,0,0,0,0,0,0,5,0,0,2,0,3,0,0,1,0,0,0,0,0,0,1,0,9,0,0,0,0,0,0,0,0,0,0,0,0,0,0,0,0,0,1,0,0,0,0,0,0,0,0,0,0,0,0,0,1,5,0,0,0,0,0,0,0,0,0,0,3,1,0,0,0,0,0,0,0,0,0,0,0,2,0,0,0,2,0,0,0,1,0,0,0,0,0,0,0,0,0,0,0,0,0,0,0,0,0,0,2,0,0,1
https://www.theguardian.com/international,3,0,2,4,2,1,4,0,0,0,0,4,1,4,2,0,0,0,0,0,1,1,0,0,8,1,2,6,0,0,0,0,0,0,0,0,1,0,3,0,0,3,0,0,0,6,1,0,0,2,4,0,0,1,0,0,0,1,0,0,8,1,3,0,3,6,1,0,1,3,0,0,0,0,1,1,0,4,0,0,2,0,0,1,0,0,3,0,0,0,0,0,0,0,0,0,0,0,0,0,0,0,0,3,2,0,2,1,0,0,2,0,1,0,0,2,0,0,4,3,1,2,3,0,0,0,1,0,0,0,2,2,0,0,0,0,1,1,0,0,0,0,0,0,0,0,0,0,0,0,2,0,0,0,0,3,2,0,1,0,0,2,1,0,2,0,0,0,0,1,0,0,0,0,0,0,0,0,0,2,0,0,0,1,0,0,0,0,0,0,0,0,0,0,0,0,0,0,3,0,1,0
https://www.bigbasket.com/,2,8,1,5,3,4,8,8,12,1,0,1,0,2,4,8,4,2,0,3,0,0,2,1,0,0,1,0,1,6,2,0,0,3,5,0,0,0,2,0,2,1,0,1,6,0,0,2,1,2,2,0,0,0,6,0,0,2,0,4,0,10,0,0,0,0,0,0,1,0,19,4,2,0,0,0,0,3,0,1,1,0,0,8,0,0,0,0,0,0,0,0,0,1,0,0,3,6,0,0,2,0,0,0,1,0,3,0,4,0,1,0,0,0,0,0,0,0,0,1,0,2,0,0,0,0,1,0,0,0,0,0,0,0,0,0,0,0,0,0,0,0,1,0,0,0,0,0,0,0,0,0,1,0,0,0,0,2,2,0,0,0,0,3,3,3,0,0,6,0,0,0,0,0,0,0,0,0,0,0,4,1,1,0,1,0,0,0,0,0,0,0,0,0,0,0,0,0,0,0,1,1
https://food52.com/,0,0,0,0,0,0,0,0,0,0,0,0,0,0,0,0,0,0,0,0,0,0,0,0,0,0,0,0,2,0,0,0,0,0,0,0,0,0,0,0,0,0,0,0,0,0,0,0,0,0,0,0,0,0,0,0,0,0,0,0,0,0,0,0,0,0,0,0,0,0,0,0,0,1,0,0,0,0,0,0,0,0,0,0,0,0,0,0,0,0,0,0,0,0,0,0,0,0,0,0,0,0,0,0,0,0,0,0,0,0,0,0,0,0,0,0,0,0,0,0,0,0,0,0,0,0,0,0,0,0,0,0,0,0,0,0,0,0,0,0,0,0,0,0,0,0,0,0,0,0,0,0,0,0,0,0,0,0,0,0,0,0,0,0,0,0,0,0,0,0,0,0,0,0,0,0,0,0,0,0,0,0,0,0,0,0,0,0,0,0,0,0,0,0,0,0,0,0,0,0,0,1
https://www.ulta.com/,37,6,4,1,1,0,19,17,1,2,0,2,0,7,4,3,0,3,0,1,0,0,34,0,1,0,0,1,0,21,0,0,0,31,0,2,0,0,0,0,17,1,0,0,0,2,0,1,0,15,2,36,8,0,0,0,1,9,6,13,0,1,0,0,1,0,0,0,0,0,0,0,0,5,0,0,0,0,0,1,0,0,0,0,0,0,1,0,20,0,7,0,0,0,0,0,0,19,1,0,0,0,1,0,0,1,0,0,0,0,0,0,0,11,2,0,1,2,4,0,0,0,0,35,0,0,0,0,0,0,0,0,1,0,30,0,0,0,0,0,0,0,0,0,0,0,0,0,0,0,0,0,0,0,0,0,0,0,0,0,0,0,0,0,0,0,19,0,0,1,2,0,0,0,0,0,0,0,0,0,0,13,1,12,0,0,0,0,0,0,0,0,0,0,0,0,0,0,1,0,0,1
https://www.myvishal.com/,4,0,2,1,1,1,0,1,0,69,0,2,0,14,21,0,0,3,32,7,0,0,0,0,0,0,3,28,3,0,1,2,0,0,5,1,1,0,0,18,0,5,0,0,0,0,0,0,1,0,0,0,0,2,2,20,0,0,0,0,2,0,0,5,0,1,0,0,0,0,3,0,0,0,0,0,2,1,0,0,0,0,0,0,0,0,0,7,0,0,0,0,0,0,0,2,2,0,0,0,0,0,2,0,0,0,0,0,0,0,0,0,0,0,2,1,0,0,0,0,0,0,0,0,0,0,0,0,0,2,6,0,0,0,0,0,0,0,0,3,0,0,2,0,0,0,0,0,0,0,0,0,0,0,0,0,0,0,0,1,0,0,0,0,0,0,0,0,0,0,6,0,0,0,0,2,0,0,0,1,0,0,0,0,3,0,0,0,0,0,0,0,0,0,0,0,0,0,0,0,0,1
https://www.thebodyshop.in/?SID=4gb3gn7tptk2ncdqnngf0hqce5,13,2,2,0,6,21,14,2,9,0,0,1,0,2,8,2,2,0,0,0,1,0,3,0,0,0,3,1,0,6,0,0,0,6,1,0,2,0,0,0,37,1,0,0,8,5,0,0,0,0,5,1,0,2,2,0,0,34,2,2,4,0,0,0,2,0,2,0,1,0,2,0,0,0,2,6,0,0,0,1,2,0,0,1,0,0,0,0,4,0,2,0,0,0,0,1,0,2,0,0,0,0,0,3,1,0,1,0,1,0,1,0,0,7,0,0,0,0,2,0,0,1,2,0,0,0,1,0,0,0,1,0,0,0,0,0,0,0,0,0,0,0,1,0,0,0,1,1,0,0,0,0,2,0,0,0,5,0,0,0,0,2,0,3,1,0,0,0,0,2,0,0,0,0,0,0,0,0,1,2,2,0,1,3,0,0,0,0,0,0,0,0,0,0,0,0,0,0,0,0,1,1
https://www.grabon.in/movie-tickets-coupons/,1,0,14,3,106,63,0,53,0,46,194,2,101,14,0,14,0,0,0,1,141,127,0,9,6,140,1,0,3,2,0,2,0,1,4,0,0,1,1,0,0,1,50,85,6,1,121,0,0,0,24,12,0,0,1,0,0,0,0,0,3,0,0,10,1,63,1,100,60,1,1,0,2,9,0,14,0,20,1,21,3,0,0,0,61,0,0,0,1,71,1,0,1,1,0,54,0,0,73,0,0,0,1,18,4,0,5,13,0,0,6,69,0,0,0,3,2,45,2,0,62,5,2,1,0,21,24,1,0,0,0,0,2,1,0,0,1,0,0,0,40,0,0,0,0,0,20,0,0,38,3,61,10,0,19,2,4,0,4,1,7,0,0,7,4,0,2,1,0,0,12,0,0,0,0,0,0,0,0,1,1,2,8,3,8,0,0,0,0,0,0,0,0,0,0,0,0,0,1,1,1,1
https://genuine-people.com/,1,4,4,0,0,0,1,0,0,0,0,0,1,0,0,0,3,0,0,0,0,0,0,0,0,0,1,0,0,0,0,1,2,0,0,2,1,0,0,0,0,2,0,0,0,0,0,2,6,2,0,0,1,0,1,4,1,0,0,0,3,0,0,0,1,0,1,0,0,0,1,0,1,1,0,0,0,0,0,0,0,0,0,0,0,2,0,4,0,0,0,0,0,0,0,0,1,0,0,0,0,0,0,0,0,0,0,0,1,0,0,0,0,0,2,5,0,0,0,0,0,0,0,0,0,0,0,0,0,0,0,0,1,0,0,0,0,0,0,0,0,0,0,0,0,0,0,0,0,0,0,0,0,0,0,0,0,0,0,1,0,0,0,0,1,0,0,1,0,0,0,0,0,0,0,2,1,0,0,1,0,0,0,0,0,0,0,0,0,0,0,0,0,0,0,0,0,0,0,0,0,1
http://coolbuy.in/,5,5,4,9,10,0,5,2,22,10,0,0,8,15,5,20,17,1,6,1,4,0,2,4,0,0,0,7,1,1,6,0,1,0,0,0,2,6,0,4,1,0,0,0,9,1,0,3,0,1,4,5,0,0,1,2,1,0,1,0,4,0,0,8,0,0,1,0,3,4,5,10,0,0,0,1,0,1,4,4,13,0,0,1,0,4,1,1,0,0,0,0,2,0,0,0,1,0,0,0,0,0,0,11,3,0,10,5,2,2,0,0,0,1,0,0,0,0,1,0,1,0,3,0,0,0,1,0,0,0,0,2,0,0,0,1,1,1,0,0,1,5,0,0,0,1,1,1,0,0,1,0,2,0,0,1,8,1,3,1,1,0,0,3,2,0,2,1,0,1,0,2,0,0,0,0,0,0,2,1,6,2,5,0,2,0,2,0,0,0,0,0,0,0,0,0,0,0,0,1,6,1
https://www.deviantart.com/customization/wallpaper/whats-hot/,1,0,0,0,0,0,0,0,0,1,0,1,0,0,0,0,0,0,0,0,0,0,0,0,1,0,0,0,0,0,0,0,0,0,0,0,2,0,0,0,0,0,0,0,0,2,0,0,0,0,0,0,0,2,0,0,0,2,0,0,2,0,0,0,1,1,1,0,1,0,0,0,1,0,1,0,0,1,0,0,0,0,0,0,0,0,0,0,0,0,0,0,0,0,0,0,1,0,0,0,0,0,0,0,0,0,0,0,0,0,0,0,0,0,0,0,0,0,0,0,0,0,0,0,0,0,1,0,0,0,0,0,0,0,0,0,0,0,0,0,0,0,0,0,0,0,0,0,0,0,0,0,0,0,0,0,0,0,0,0,0,0,0,0,0,0,0,0,0,0,0,0,0,0,0,0,1,0,0,1,0,0,0,0,0,0,0,0,0,0,0,0,0,0,0,0,0,0,2,0,0,0
https://ahalife.myshopify.com/,0,0,0,4,1,0,0,0,0,0,0,0,0,0,0,0,1,0,0,0,0,0,0,0,0,0,1,0,0,0,0,0,0,0,0,0,1,0,0,0,0,0,0,0,0,1,0,0,2,0,0,0,0,0,0,0,1,0,0,0,2,0,0,0,1,0,1,0,0,0,0,0,0,3,1,0,0,0,0,0,0,0,0,0,0,0,0,0,0,0,0,0,0,0,0,0,0,0,0,0,0,0,0,0,0,1,0,0,0,0,0,0,0,0,0,0,0,0,0,0,0,0,0,0,0,0,0,0,0,0,0,0,1,0,0,0,0,0,0,0,0,0,0,0,0,0,0,0,0,0,0,0,0,0,0,0,0,0,0,1,0,0,0,1,0,0,0,0,0,1,0,0,0,0,0,0,0,0,0,0,0,0,0,0,0,0,0,0,0,0,0,0,0,0,0,0,0,0,0,0,0,1
https://www.flipkart.com/,10,4,5,12,5,0,7,1,3,3,0,9,2,4,1,1,6,3,2,8,1,0,1,11,3,0,0,0,0,1,0,1,2,0,0,0,0,1,0,1,0,2,0,0,5,0,0,0,0,3,6,1,2,1,2,2,1,1,1,1,1,3,0,0,0,0,5,0,0,3,2,2,0,2,0,1,0,5,2,3,7,0,0,2,0,1,4,0,0,0,0,0,0,7,0,0,3,1,0,0,10,1,2,1,2,0,10,0,2,1,2,0,2,0,1,1,0,0,2,0,0,0,2,0,0,0,1,1,0,0,0,0,0,0,0,0,3,2,0,0,5,1,1,0,0,0,2,2,0,0,2,0,1,0,0,1,5,7,6,0,0,1,0,0,1,0,3,0,1,5,1,1,0,0,0,1,8,0,0,0,7,0,0,0,0,2,3,0,0,0,0,0,0,0,0,0,0,0,1,4,0,1
https://india.alibaba.com/index.html,0,0,0,0,0,0,0,0,0,0,0,0,0,0,0,0,0,0,0,0,0,0,0,0,0,0,0,0,0,0,0,0,0,0,0,0,0,0,0,0,0,0,0,0,0,3,0,0,0,0,0,0,0,1,1,0,0,0,0,0,2,0,0,0,1,0,1,0,0,0,0,0,0,0,0,1,0,0,0,0,0,0,0,0,0,0,0,0,0,0,0,0,0,0,0,0,0,0,0,0,0,0,0,0,0,0,0,0,0,0,0,0,0,0,0,0,0,0,1,0,0,0,0,0,0,0,0,0,0,0,0,0,2,0,0,0,0,0,0,0,0,0,0,0,0,0,0,0,0,0,0,0,0,0,0,0,0,0,0,0,0,0,0,0,0,0,0,0,0,0,0,0,0,0,0,0,0,0,0,1,0,0,0,0,0,0,0,0,0,0,0,0,0,0,0,0,0,0,0,0,0,1
https://www.cb2.com/,9,7,9,4,1,27,0,1,0,0,0,1,1,8,0,0,1,1,0,1,0,0,0,0,2,0,4,0,2,2,10,2,0,0,2,1,1,0,4,5,0,3,0,0,3,1,0,0,8,1,0,0,0,1,1,0,5,0,0,10,2,0,0,0,1,5,1,0,1,0,1,9,1,1,0,1,0,1,0,0,0,0,0,0,0,0,0,0,3,0,1,0,3,0,0,0,1,2,0,0,9,0,0,0,0,2,0,1,1,0,0,0,0,0,0,2,0,0,1,0,0,0,0,1,0,0,0,0,0,1,0,0,3,0,0,0,0,0,0,0,0,0,0,0,0,11,3,4,0,0,0,1,0,0,0,0,1,0,0,0,0,0,0,0,1,0,0,0,5,0,0,0,0,0,0,0,1,0,8,0,0,1,2,0,0,6,0,0,0,0,0,0,0,0,0,0,0,0,3,0,0,1
https://timesofindia.indiatimes.com/,0,0,7,1,6,0,0,3,2,1,9,4,1,3,1,7,1,0,2,2,0,0,5,12,2,0,1,1,0,0,0,0,0,2,0,1,0,0,5,3,1,0,1,0,33,2,0,2,0,1,5,0,0,5,0,2,0,2,0,0,0,2,1,1,1,1,2,1,0,0,0,1,0,0,3,3,0,0,0,0,0,0,0,1,0,0,3,0,0,0,1,0,0,2,0,0,1,0,0,0,0,0,1,6,0,0,1,3,0,0,3,0,0,0,0,0,1,0,0,15,0,7,9,0,0,0,0,0,0,2,0,0,0,0,6,1,4,4,0,0,9,0,0,0,2,0,3,4,3,0,0,0,1,0,0,2,4,0,1,0,10,8,0,2,1,0,0,0,0,0,1,0,0,0,0,0,0,0,0,2,0,1,0,2,0,0,0,0,0,0,0,0,0,0,0,0,0,0,0,2,0,0
https://in.ebay.com/,7,1,0,2,0,0,2,2,0,0,1,1,1,0,0,0,0,0,0,0,0,0,1,0,1,0,1,0,1,0,0,0,3,1,0,0,1,0,0,0,0,0,0,0,0,0,0,0,0,0,0,5,0,1,0,0,0,0,0,0,1,0,0,3,1,0,0,0,1,0,0,0,0,0,0,0,0,0,1,2,0,0,0,1,0,0,0,0,0,0,0,4,0,0,0,0,0,0,0,0,0,0,0,0,0,0,1,0,0,0,0,0,0,0,0,0,1,0,0,0,0,0,1,0,0,0,0,0,0,0,0,0,0,0,0,0,0,0,0,1,0,0,0,0,0,1,0,0,0,0,0,0,0,0,0,0,0,0,0,0,1,0,0,0,0,0,1,0,0,0,0,0,0,0,0,0,0,0,1,2,0,0,0,0,0,1,0,0,0,0,0,0,0,0,0,0,0,0,0,0,0,1
https://www.zomato.com/ncr,0,0,3,2,1,0,0,0,1,0,0,0,0,0,0,0,0,0,0,0,0,0,0,1,4,0,0,0,1,0,0,0,0,0,2,0,1,0,0,0,0,1,0,0,1,4,0,0,0,0,0,0,0,1,0,0,0,0,0,0,3,0,0,0,3,0,3,0,0,0,2,0,0,3,0,0,0,0,0,0,2,0,0,0,0,0,0,0,0,0,0,0,0,0,0,1,1,0,0,0,0,2,0,0,0,0,0,2,0,0,0,0,0,0,0,0,0,2,0,0,0,0,0,0,0,0,0,0,0,0,0,0,0,0,0,0,0,0,0,0,0,0,0,0,0,0,0,0,0,0,0,0,0,0,0,3,0,0,0,0,0,0,0,0,0,0,0,1,0,1,0,0,0,0,0,0,0,0,0,1,0,0,0,0,0,1,0,0,0,0,0,0,0,0,0,0,0,0,0,0,0,1
https://www.horchow.com/,9,7,12,5,0,0,0,5,0,0,0,0,1,0,0,0,3,17,0,0,0,0,0,0,0,0,0,0,1,2,0,1,1,0,1,12,0,1,0,1,0,2,0,0,0,1,0,1,0,2,2,0,3,0,0,0,4,0,4,5,3,1,0,0,2,0,2,0,1,1,0,2,0,0,1,0,1,2,1,1,0,0,1,0,0,3,0,0,5,0,0,0,0,0,0,2,0,0,0,0,10,0,0,1,1,1,0,0,0,0,1,0,0,0,10,0,9,0,0,0,0,0,1,2,0,0,0,0,0,0,0,0,0,4,0,0,0,0,0,1,0,0,2,0,0,13,2,1,0,0,0,0,1,0,0,0,1,1,0,0,0,0,0,0,0,0,0,0,0,1,0,0,0,0,0,0,0,0,0,0,0,1,0,0,0,3,0,0,0,0,0,0,0,0,0,0,0,0,2,0,0,1
https://www.foodora.com/,0,0,0,0,1,0,0,0,0,0,0,0,0,0,0,0,0,0,0,0,0,0,0,0,0,0,0,0,0,0,0,0,0,0,1,0,2,0,0,0,0,0,0,0,0,0,1,0,0,0,1,0,0,0,0,0,0,0,0,0,0,0,0,0,0,0,0,0,0,0,0,0,0,0,1,0,0,1,0,0,1,0,0,0,0,0,0,0,0,0,0,0,0,0,0,0,0,0,0,0,0,0,0,1,0,0,1,0,0,0,0,0,0,0,0,0,0,0,0,0,0,0,0,0,0,0,0,0,0,0,0,0,0,0,0,0,0,0,0,0,0,0,0,0,0,0,0,0,0,0,0,0,1,0,0,0,1,0,0,0,0,0,0,0,0,0,0,0,0,0,0,0,0,0,0,0,0,0,0,0,0,0,0,0,0,0,0,0,0,0,0,0,0,0,0,0,0,0,0,0,0,1
https://www.zivame.com/,1,3,3,0,7,0,1,3,1,5,0,0,3,1,0,0,0,2,3,2,0,0,0,0,3,0,1,0,0,0,0,4,0,0,1,1,0,0,0,0,0,0,0,1,0,3,0,0,0,5,0,0,8,1,0,0,0,0,1,0,0,0,1,0,2,0,2,0,0,2,0,0,1,1,1,2,2,0,0,0,0,0,0,0,0,0,0,3,0,0,1,0,0,0,0,0,0,0,0,0,0,0,0,0,0,0,0,0,0,0,0,0,1,0,6,0,0,0,0,0,0,0,0,0,0,0,2,0,0,1,0,0,0,0,0,0,7,0,0,1,0,0,0,0,0,0,1,2,0,0,0,0,2,0,0,0,0,0,0,1,0,0,0,1,0,0,0,1,0,0,5,0,0,0,0,0,1,0,0,1,2,0,0,3,1,0,0,0,0,0,0,0,0,0,0,0,0,0,0,0,0,1
https://www.elitify.com/,0,4,4,1,0,0,0,3,0,0,0,0,1,0,7,0,2,1,0,2,0,0,0,0,0,0,0,5,0,0,0,0,5,3,1,2,1,2,0,0,0,0,0,0,0,1,0,4,3,0,0,0,0,0,0,5,2,0,0,0,0,0,0,0,1,0,1,0,1,0,0,0,0,0,0,0,0,0,7,0,0,0,2,0,0,2,0,2,0,0,0,1,0,0,0,0,0,0,0,0,0,0,4,1,2,0,0,0,0,1,0,0,1,0,2,1,1,0,0,0,0,1,0,0,0,0,0,2,0,1,0,0,0,0,0,0,0,4,0,1,0,0,1,0,0,0,0,0,0,0,0,0,0,0,0,0,0,0,0,2,0,0,0,0,0,0,0,3,0,0,0,0,0,0,1,1,0,0,0,0,0,0,0,0,0,0,0,0,0,0,0,0,0,0,0,0,0,0,0,0,0,1
https://www.codechef.com/,0,0,3,0,0,4,0,0,0,0,0,3,0,0,0,1,0,0,0,0,0,0,0,0,0,0,0,0,0,0,0,1,0,0,1,0,2,0,1,0,0,0,0,0,1,4,0,0,0,0,1,0,1,3,0,0,0,0,0,0,2,0,0,0,2,1,2,0,1,0,0,0,0,0,1,3,0,1,0,0,0,2,0,0,0,0,0,0,0,0,0,1,0,0,0,1,1,1,0,0,0,0,0,0,1,0,1,0,0,0,0,0,0,0,0,1,0,0,0,0,0,0,1,0,0,0,0,0,0,0,0,0,0,0,0,0,0,0,0,0,0,0,0,0,0,0,0,0,0,0,0,0,0,0,0,0,1,0,0,0,0,0,1,0,0,0,0,0,0,0,0,0,0,0,0,0,0,0,0,1,0,0,0,0,0,0,0,0,0,0,0,0,0,0,0,0,0,0,0,0,1,0
https://www.aliexpress.com/,0,0,0,0,0,1,0,0,0,0,0,0,0,0,0,0,4,1,0,1,0,0,0,0,1,0,2,0,0,0,1,0,0,0,0,0,0,0,0,0,0,1,0,0,0,2,0,0,1,0,0,1,0,2,1,0,0,0,0,0,0,1,0,0,2,0,1,0,0,0,0,0,0,2,0,3,0,0,0,0,1,0,0,0,0,0,0,0,0,0,0,0,0,0,0,0,2,0,0,0,0,0,0,0,0,0,0,1,2,0,0,0,0,0,0,1,0,0,0,0,0,0,0,0,0,0,0,0,0,0,0,0,0,0,1,0,0,0,0,0,0,0,1,0,0,0,0,0,0,0,0,0,0,0,0,0,0,0,0,0,0,0,0,0,0,0,0,0,0,0,0,0,0,0,0,0,0,0,0,1,0,0,1,0,0,0,0,0,0,0,0,0,0,0,0,0,0,0,0,0,1,1
https://www.maxfashion.in/in/en/,13,33,5,1,1,2,0,0,1,1,0,0,6,0,14,0,0,2,11,6,0,0,0,0,60,0,14,22,7,1,0,8,28,0,0,0,7,0,0,4,0,6,0,0,0,4,0,4,0,1,1,0,0,9,1,8,2,0,6,0,0,0,0,0,2,2,2,0,0,0,0,0,0,1,0,1,1,0,0,0,0,7,0,0,0,9,0,19,0,0,0,0,0,0,0,0,0,0,0,0,0,0,0,1,0,0,0,0,0,0,0,0,1,0,0,1,6,0,0,0,0,1,0,0,0,0,0,19,0,3,27,0,1,0,0,0,1,0,0,0,0,0,0,0,0,0,1,0,0,0,2,0,0,0,0,0,0,0,0,4,0,0,0,0,0,0,0,0,0,2,0,0,0,0,0,4,0,0,0,0,0,0,0,1,3,0,0,0,0,0,0,0,0,0,0,0,0,0,0,0,1,1
https://www.speedtest.net/,0,0,0,0,0,0,0,0,0,0,0,0,0,0,0,0,0,0,0,0,0,0,0,0,0,0,0,0,2,0,0,2,0,0,0,0,0,0,1,0,0,0,0,0,0,2,0,0,0,0,0,0,0,0,0,0,0,0,0,0,1,0,0,0,1,0,0,0,1,0,0,0,0,1,0,0,0,0,0,0,0,0,0,0,0,0,0,0,0,0,0,0,0,0,0,0,0,0,0,0,0,0,0,0,0,0,0,0,0,0,0,0,0,0,0,0,0,0,0,0,0,0,0,0,0,0,0,0,0,0,0,0,0,0,0,0,0,0,0,0,0,0,0,0,0,0,0,0,0,0,0,0,0,0,0,0,1,0,0,0,0,0,0,0,0,0,0,0,0,0,0,0,0,0,0,0,0,0,0,1,0,0,0,0,0,0,0,0,0,0,0,0,0,0,0,0,0,0,0,0,0,0
https://www.target.com/,0,0,0,0,0,0,0,0,0,0,0,0,0,0,0,0,0,1,0,0,1,1,0,0,0,0,0,0,2,0,0,0,0,0,0,0,0,0,0,0,0,0,0,0,0,0,0,0,0,0,0,0,0,0,0,0,0,0,0,0,0,0,0,0,1,0,0,0,0,0,0,0,0,1,0,0,0,0,0,0,0,0,0,0,0,0,0,0,0,0,0,0,0,0,0,0,0,0,0,0,0,0,0,0,0,0,0,0,0,0,0,0,0,0,0,0,0,0,0,0,0,0,5,0,0,0,0,0,0,0,0,0,0,0,0,0,0,0,0,0,0,0,0,0,0,0,0,1,0,0,0,0,0,0,0,0,0,0,0,0,0,0,0,0,0,0,0,0,0,0,0,0,0,0,0,0,0,0,0,0,0,0,0,0,0,0,0,0,0,0,0,0,0,0,0,0,0,0,0,0,0,1
https://www.shopclues.com/,1,8,1,6,4,0,7,2,10,3,0,2,5,2,11,10,13,2,5,5,0,0,3,3,1,0,4,7,0,0,2,0,4,1,4,5,1,7,0,2,1,0,0,0,9,2,0,5,0,1,1,3,1,3,0,2,0,0,0,1,2,1,3,3,1,0,1,1,0,6,2,5,1,0,0,0,0,1,2,2,0,0,0,1,0,0,0,1,1,0,0,0,0,1,0,0,2,3,0,4,1,0,4,0,4,0,3,1,2,1,1,0,1,1,0,0,0,0,2,1,0,2,2,0,0,0,0,2,1,0,0,0,0,0,0,0,4,1,0,2,0,2,3,0,0,0,0,1,0,0,0,0,3,0,0,0,2,2,0,2,0,0,0,2,0,0,2,4,1,0,0,5,0,0,0,0,0,0,1,0,1,2,2,0,1,0,0,0,0,0,0,0,0,0,0,0,0,0,0,2,2,1
https://www.wish.com/?&hide_login_modal=true,0,0,0,0,0,0,0,0,2,0,0,0,0,0,0,0,0,0,0,0,0,0,0,0,0,0,6,0,0,0,0,0,0,0,0,0,0,0,1,0,0,0,0,0,0,2,0,0,0,0,0,0,0,0,0,0,0,0,0,0,0,0,0,0,4,0,5,0,1,0,0,0,6,0,0,5,0,0,0,0,0,3,0,0,0,0,0,0,0,0,0,0,0,0,0,0,0,0,0,0,0,0,0,0,0,0,0,0,0,0,0,0,0,0,0,0,0,0,0,0,0,0,0,0,0,0,0,0,0,0,0,0,0,0,0,0,0,0,0,0,0,0,0,0,0,0,0,0,0,0,0,0,0,0,0,0,0,0,0,0,0,0,0,0,0,0,0,0,0,0,0,0,0,0,0,0,0,0,0,0,0,0,0,0,0,0,0,0,0,0,0,0,0,0,0,0,0,0,0,0,0,1
https://www.walmart.com/,1,0,1,0,9,0,2,4,0,0,0,0,0,2,0,0,1,1,0,2,0,0,0,1,5,0,2,0,8,0,5,4,0,0,5,0,2,0,0,1,0,2,0,3,0,1,2,0,6,0,2,0,0,2,0,0,1,0,0,0,1,0,0,0,4,0,0,0,0,0,5,0,0,1,0,0,6,1,0,0,0,0,0,0,1,0,0,0,0,0,0,0,0,2,0,5,0,0,0,0,0,0,0,0,1,0,0,0,2,0,0,0,0,0,0,0,0,0,0,1,0,0,2,0,0,0,0,0,0,1,0,0,0,0,0,0,0,0,0,0,0,0,3,0,0,0,0,2,0,0,1,0,0,0,0,0,1,0,2,0,0,0,0,0,0,5,0,0,2,0,0,1,0,0,0,0,0,0,0,1,0,2,1,0,0,0,0,0,0,0,0,0,0,0,0,0,0,0,0,0,0,1
https://www.bestbuy.com/?intl=nosplash,11,1,6,18,4,1,5,2,0,26,0,5,2,19,0,0,0,1,0,10,2,0,0,2,2,0,1,0,0,10,1,0,0,3,1,5,0,0,0,0,0,0,2,1,0,0,0,1,1,1,5,19,0,3,0,0,1,0,0,0,0,1,9,12,1,0,2,0,0,0,1,4,0,0,0,1,0,0,0,1,0,0,0,4,0,0,0,0,0,0,0,0,0,2,0,0,1,0,0,4,3,0,1,3,5,0,0,1,1,0,9,0,0,0,0,0,1,0,1,0,0,1,5,0,0,0,0,0,0,0,0,0,0,0,0,0,0,5,0,0,0,0,1,2,4,4,5,2,0,0,0,1,2,0,0,0,1,2,0,1,2,4,0,1,1,16,0,0,2,2,0,4,0,0,0,0,9,0,0,1,0,0,2,0,0,1,3,0,0,0,0,0,0,0,0,0,0,0,0,1,1,1
https://www.sony.co.in/,0,0,0,4,1,0,0,0,2,1,0,0,0,0,0,0,0,0,0,0,0,0,0,2,0,0,0,0,1,0,1,0,0,0,0,0,0,0,0,0,0,0,0,0,1,1,0,0,0,0,0,1,0,0,4,0,0,0,0,0,0,0,0,0,0,0,0,0,0,0,0,0,0,0,3,0,0,0,0,1,2,0,0,0,0,0,0,0,0,0,1,0,0,5,0,0,1,0,0,0,0,0,0,1,1,0,2,0,0,0,0,0,1,0,0,0,0,0,0,0,0,0,0,0,0,0,0,0,0,0,0,0,0,0,0,0,0,0,0,1,0,0,0,0,0,0,0,0,0,0,0,0,0,0,0,0,0,0,0,0,0,1,0,0,1,0,0,0,2,1,0,0,0,0,0,0,0,0,0,1,3,0,0,0,0,0,0,0,0,0,0,0,0,0,0,0,0,0,0,0,0,1
https://www.urbanladder.com/,0,0,1,1,2,0,1,0,1,0,0,1,0,0,0,0,0,0,0,0,1,0,0,0,2,0,0,0,1,0,0,0,0,0,0,1,1,0,0,0,0,0,0,0,0,1,0,0,0,0,0,0,0,1,1,0,1,0,0,0,2,0,0,0,1,0,2,0,1,0,1,0,0,3,0,2,0,0,0,1,1,0,0,0,0,0,0,0,0,0,0,0,0,0,0,0,0,0,0,0,0,0,0,0,0,0,0,1,0,0,0,0,1,0,0,0,0,0,0,0,0,0,0,0,0,0,0,0,0,1,0,0,0,0,0,0,0,0,0,0,0,0,0,0,0,0,0,0,0,0,0,0,0,0,0,0,1,0,0,0,0,0,0,1,0,0,0,0,0,0,0,0,0,0,0,0,0,0,0,0,0,0,0,0,0,0,0,0,0,0,0,0,0,0,0,0,0,0,0,0,0,1
https://www.hindustantimes.com/,0,0,2,0,2,0,0,0,0,0,1,4,0,1,0,0,0,0,0,0,0,0,0,0,1,0,2,0,0,0,0,0,0,0,0,0,1,0,0,0,0,1,1,0,7,1,0,0,0,0,0,0,0,0,0,0,0,0,0,0,1,0,0,0,1,0,1,0,0,1,0,0,0,1,0,1,0,0,0,0,1,0,0,3,0,0,0,0,0,0,0,0,0,0,0,0,0,0,0,0,0,0,3,2,0,0,0,0,0,0,1,0,0,0,0,0,0,0,0,0,0,0,0,0,0,0,0,0,0,0,0,0,0,0,1,0,3,0,0,1,0,0,0,0,0,0,0,1,0,0,0,0,0,0,0,2,0,0,0,0,0,0,0,0,0,0,0,0,0,0,0,0,0,0,0,0,0,0,0,1,0,0,0,0,1,0,0,0,0,0,0,0,0,0,0,0,0,0,0,0,0,0
https://thepiratebay.org/browse/200,0,0,1,0,0,1,0,0,0,0,2,1,0,0,0,0,0,0,0,0,0,0,0,0,0,0,0,0,0,0,0,0,0,0,1,0,0,0,0,0,0,0,20,0,0,1,0,0,0,0,0,0,31,0,0,0,0,0,0,0,1,0,0,0,0,0,0,0,0,0,0,0,1,0,1,0,0,0,0,0,0,0,0,0,0,0,0,0,0,0,0,0,0,0,0,0,0,0,0,0,0,0,0,0,0,0,0,0,0,0,1,0,0,1,0,0,0,0,0,0,0,0,0,0,0,0,0,0,0,0,0,0,0,1,0,0,0,0,0,1,0,0,0,0,0,0,0,0,0,0,0,0,0,0,0,0,0,0,0,0,0,0,0,0,0,0,0,0,0,0,0,0,0,0,0,0,0,0,0,0,0,0,0,0,0,0,0,0,0,0,0,0,0,0,0,0,0,0,0,0,0,0
https://economictimes.indiatimes.com/tech/internet/data-breach-at-justdial-leaks-100-million-user-details/articleshow/68930607.cms,0,0,1,0,1,0,2,1,0,0,1,1,1,0,0,2,0,0,0,0,0,3,0,2,0,1,0,0,0,0,0,1,0,0,0,0,0,0,0,0,0,0,0,0,2,0,2,0,0,0,1,1,0,0,0,0,0,0,0,0,1,0,0,0,0,2,0,0,0,0,1,0,0,0,2,1,0,0,0,0,0,0,0,0,0,0,0,0,0,0,0,0,0,0,0,0,2,0,0,0,0,0,0,1,0,0,1,4,5,0,0,1,0,0,0,0,0,1,1,0,0,0,0,0,0,0,0,0,0,0,0,0,0,0,0,0,0,0,0,0,1,0,0,0,0,0,1,1,0,0,4,0,0,0,0,1,0,0,0,0,1,3,0,0,3,0,0,1,0,0,0,0,0,0,0,0,0,0,0,2,0,0,0,0,0,0,1,0,0,0,0,0,0,0,0,0,0,0,0,0,1,0
https://www.quikr.com/,0,0,0,3,2,0,2,4,1,3,0,1,1,0,0,2,0,1,0,3,0,0,0,2,2,0,0,0,1,0,0,0,0,0,0,0,1,0,0,0,0,1,0,0,5,3,0,0,2,0,0,0,0,1,0,0,0,0,0,0,1,0,0,1,1,0,1,0,0,0,0,0,1,2,0,1,0,0,0,0,1,0,0,0,0,0,0,0,0,0,0,0,0,0,0,0,0,0,0,0,0,0,1,0,0,0,0,2,0,0,2,0,1,0,0,0,0,0,1,0,0,1,0,0,0,0,0,0,0,0,0,0,0,0,0,0,0,0,0,1,5,0,1,0,0,0,0,0,0,0,3,0,1,0,0,2,0,1,0,0,0,0,0,0,0,0,0,0,0,0,0,0,0,0,0,0,0,0,1,0,0,0,0,0,0,0,0,0,0,0,0,0,0,0,0,0,0,0,0,0,0,1
https://www.imax.com/,0,0,3,1,12,1,0,0,0,0,1,0,0,0,0,0,0,0,0,0,0,0,0,0,0,21,0,0,0,0,0,0,0,0,0,0,1,0,0,0,0,0,3,0,0,2,0,0,0,0,0,0,0,0,0,0,0,0,0,0,1,0,0,0,1,0,1,0,0,0,0,0,0,0,0,1,0,4,0,0,1,0,0,0,0,0,0,0,0,0,0,0,0,0,0,0,0,0,0,0,0,1,0,0,7,0,0,0,0,0,4,0,0,0,0,0,0,0,1,0,0,0,0,0,0,0,0,0,0,0,0,0,0,0,0,0,0,0,0,0,0,0,0,0,0,0,0,0,0,0,0,0,0,0,0,0,0,0,0,1,2,0,0,0,0,0,0,7,0,0,0,0,0,0,0,0,0,0,0,0,0,1,0,0,2,0,0,0,0,0,0,0,0,0,0,0,0,0,1,0,0,1
https://www.limeroad.com/,1,0,6,0,0,3,0,0,0,0,0,0,0,2,0,0,4,0,9,1,0,0,0,0,2,0,4,1,2,1,4,5,0,0,0,2,1,0,0,0,1,2,0,0,0,2,0,0,6,2,0,0,2,0,1,0,1,0,0,0,1,0,0,0,1,0,1,0,0,0,0,0,7,0,0,0,1,0,1,1,0,5,0,0,0,0,0,0,0,0,0,2,0,0,0,0,0,0,0,0,0,0,1,0,0,0,0,0,0,0,0,0,0,0,1,0,0,0,0,0,0,1,0,0,0,0,0,0,0,0,0,2,0,0,0,0,0,0,0,3,0,4,0,0,0,0,0,0,0,0,0,0,0,0,0,0,0,0,0,0,0,0,0,1,0,0,0,2,0,1,0,0,0,0,0,0,1,0,2,1,0,0,0,0,0,0,0,0,0,0,0,0,0,0,0,0,0,0,0,0,0,1
https://www.dailybasket.co/,0,0,0,2,0,0,0,0,0,0,0,1,0,0,0,0,0,0,0,0,0,0,0,0,1,0,0,0,1,0,0,0,0,0,0,0,2,0,0,0,0,0,0,0,0,0,0,0,0,0,0,0,0,0,0,0,0,0,0,0,0,0,0,0,0,0,0,0,0,0,0,0,0,2,0,0,0,0,0,0,1,0,0,0,0,0,0,0,0,0,0,0,0,0,0,0,0,0,0,0,0,0,0,0,0,0,0,0,0,0,0,0,0,0,0,0,0,0,0,0,0,0,0,0,0,0,0,0,0,0,0,0,0,0,0,0,0,0,0,0,0,0,0,0,0,0,0,0,0,0,0,0,0,0,0,0,0,0,0,0,0,0,0,0,0,0,0,0,0,0,0,0,0,0,0,0,0,0,0,0,0,0,0,0,1,0,0,0,0,0,0,0,0,0,0,0,0,0,0,0,0,1
https://www.ticketnew.com/online-advance-booking/Movies/C/Chennai,0,0,0,2,0,0,1,0,0,0,10,0,1,0,0,0,0,0,0,0,0,0,0,0,0,1,1,0,0,0,0,0,0,0,1,0,0,0,0,0,0,0,5,0,0,1,0,0,0,0,0,0,2,1,0,0,0,0,0,0,0,0,2,0,1,0,1,0,0,0,0,0,1,0,0,2,0,2,0,0,0,0,0,0,0,0,0,0,0,0,0,0,0,0,0,0,0,0,0,0,0,7,0,0,1,0,0,1,1,0,1,0,0,0,0,0,0,0,0,0,0,0,0,0,0,23,0,0,0,0,0,0,0,0,0,0,1,0,0,1,0,0,1,0,1,0,0,0,3,0,0,0,0,0,0,0,0,0,0,0,0,0,0,0,0,0,0,0,0,0,0,0,0,0,0,0,0,0,0,1,0,0,0,0,0,0,0,0,0,0,0,0,0,0,0,0,0,0,0,0,0,1
https://www.lenovo.com/in/en/,2,5,0,4,1,13,0,8,3,9,0,0,1,4,0,1,0,0,0,2,0,0,0,2,0,0,2,0,1,0,0,2,0,0,3,1,3,0,0,0,0,2,0,0,1,0,0,1,1,0,0,1,0,4,3,0,8,0,0,0,2,0,20,11,0,0,1,0,0,0,0,0,0,0,0,0,1,0,0,0,2,0,0,0,0,0,0,0,0,0,0,0,0,8,0,0,8,0,0,0,0,0,3,0,0,0,0,0,5,0,1,0,10,0,0,1,2,0,19,0,0,0,0,1,0,0,1,0,0,0,0,0,0,0,0,0,0,0,0,1,0,0,2,0,0,0,0,0,0,0,0,0,0,0,0,8,0,0,2,0,0,0,0,0,1,0,0,1,7,1,0,0,0,0,0,0,1,0,0,1,0,1,0,0,2,0,0,0,0,0,0,0,0,0,0,0,0,0,0,11,0,1
https://www.gkboptical.com/,2,0,0,0,1,0,0,0,0,0,0,0,0,0,2,0,1,1,0,0,0,0,0,0,0,0,0,2,0,0,1,1,0,0,1,0,2,0,0,2,0,2,0,0,0,0,0,0,3,0,0,0,0,0,0,0,1,0,0,0,3,0,0,0,0,0,1,0,1,0,0,0,0,1,2,0,0,0,0,0,0,0,6,0,0,0,0,0,0,0,0,0,0,0,4,0,0,0,1,0,0,0,1,2,0,1,0,0,0,0,0,0,0,0,0,0,0,0,0,0,0,0,0,0,0,0,0,0,0,1,0,0,1,0,0,0,0,0,0,1,0,0,0,0,0,0,0,0,0,0,0,0,0,0,0,0,0,0,0,1,0,0,0,1,0,1,0,0,0,1,0,0,0,0,0,0,0,0,0,1,0,0,0,0,0,0,0,0,0,0,0,0,0,0,0,0,0,0,0,0,0,1
https://www.lenskart.com/,65,2,6,4,13,0,0,9,9,6,0,16,2,8,4,4,1,8,0,6,0,0,1,0,1,0,1,3,0,2,0,0,0,0,0,3,17,0,112,1,0,0,0,0,2,0,1,0,1,0,19,0,64,5,0,0,0,0,10,0,0,0,0,1,0,18,0,0,0,3,0,0,0,1,71,1,0,5,0,0,1,0,56,0,0,0,2,0,0,0,39,63,66,0,81,0,0,0,0,31,0,0,4,4,1,54,8,1,1,0,0,0,1,0,0,0,0,0,0,56,3,3,0,0,69,0,0,0,66,0,0,1,0,58,0,0,0,0,65,0,0,0,0,61,0,0,0,0,0,0,1,0,5,61,0,0,3,0,4,0,0,46,0,1,6,0,0,0,0,0,0,0,58,0,57,0,4,56,0,0,6,0,1,0,2,0,0,53,53,53,53,53,53,53,53,53,53,53,1,0,5,1
https://www2.9anime.nl/home,0,0,1,2,0,0,0,1,0,0,0,0,0,0,0,2,0,0,0,1,0,0,0,0,3,0,0,0,1,0,0,1,0,0,1,0,1,0,0,1,0,0,2,0,0,0,0,0,0,0,0,0,0,1,0,0,0,0,0,0,1,0,0,0,0,0,0,0,2,0,0,0,4,1,1,2,1,0,0,0,0,3,0,0,0,0,0,0,0,0,0,0,0,0,0,0,0,0,0,0,0,0,0,1,0,0,0,0,0,0,0,0,0,0,0,0,0,0,0,0,0,0,0,0,0,0,0,0,0,0,0,0,0,0,0,0,1,0,0,2,0,0,0,0,0,0,0,0,0,0,0,0,0,0,0,0,0,0,0,0,1,0,0,0,0,0,0,0,0,0,0,0,0,0,0,0,0,0,0,1,1,0,0,0,0,0,0,0,0,0,0,0,0,0,0,0,0,0,0,0,0,0
https://www.airvisual.com/,0,0,1,0,0,3,0,1,1,0,0,0,0,1,0,0,0,0,0,0,1,0,0,0,0,0,0,0,0,0,0,0,0,0,0,0,0,0,0,0,0,0,0,0,1,1,0,0,0,0,0,0,0,0,0,0,0,0,0,0,0,0,1,0,1,0,0,0,0,0,0,0,1,0,1,0,0,3,0,0,1,0,0,0,0,0,0,0,0,0,0,0,0,0,0,0,0,0,0,25,0,0,0,0,1,0,0,4,0,0,0,0,3,0,0,0,0,0,0,0,0,0,1,0,0,0,0,0,0,2,0,0,0,0,0,0,0,0,0,0,0,0,0,0,0,0,0,0,0,0,0,0,0,0,0,0,0,0,0,0,0,0,0,0,0,0,0,0,0,0,0,0,0,0,0,0,0,0,0,1,0,0,0,0,0,0,0,0,0,0,0,0,0,0,0,0,0,0,0,0,0,0
https://www.brika.com/,0,12,2,6,0,0,2,0,0,0,0,0,0,0,4,0,1,0,0,0,0,0,0,0,0,0,0,0,0,4,0,0,0,0,0,1,1,4,0,2,2,2,0,0,0,0,0,0,1,0,0,0,0,0,0,0,1,0,0,2,2,4,0,0,1,0,1,0,0,0,0,0,0,2,0,0,0,0,0,0,0,0,0,0,0,0,0,0,4,0,0,0,0,0,0,0,0,0,0,0,2,0,0,0,0,1,0,0,0,0,0,0,0,0,2,0,0,0,0,0,0,0,0,0,0,0,0,0,0,0,0,0,0,0,0,0,0,0,0,0,0,0,0,0,0,0,0,0,0,0,0,0,0,0,0,0,0,0,0,1,0,0,0,0,0,0,0,2,0,0,0,2,0,0,0,0,0,0,0,0,0,0,0,2,0,0,0,0,0,0,0,0,0,0,0,0,0,0,6,0,0,1
https://fashionandyou.com/,0,2,3,3,2,1,0,1,0,0,0,4,0,0,6,0,1,3,7,0,0,1,0,0,0,0,2,3,0,1,0,0,4,0,0,5,1,2,0,3,0,2,0,0,0,1,0,0,2,1,0,0,0,0,1,6,1,0,1,0,1,0,0,0,0,0,1,0,0,9,0,0,0,2,1,2,0,0,3,0,0,0,4,0,0,2,2,3,2,0,0,0,0,0,0,2,1,0,0,0,0,0,8,0,0,0,0,1,0,4,0,0,0,0,0,0,0,0,0,0,0,0,1,1,0,0,0,3,0,0,1,1,1,0,0,0,1,0,0,0,0,1,0,0,0,0,0,0,0,0,0,0,0,0,0,0,0,0,0,0,0,0,0,0,0,0,2,0,0,0,1,0,0,0,0,0,0,0,0,0,0,0,0,0,1,0,0,0,0,0,0,0,0,0,0,0,0,0,0,0,0,1
https://www.ajio.com/,10,7,15,1,0,3,2,1,1,1,0,3,0,0,8,1,0,12,11,0,0,0,0,0,0,0,2,7,2,0,2,0,8,0,1,1,0,0,0,9,0,0,0,0,0,1,0,5,0,2,1,0,2,1,0,11,0,0,1,0,0,1,0,1,1,0,2,0,0,5,0,0,0,0,0,0,0,1,4,0,0,0,2,0,0,7,1,6,1,0,0,0,0,1,0,0,0,0,1,0,0,0,3,0,0,1,1,0,2,5,1,0,1,0,2,0,7,0,0,0,0,0,2,0,0,0,0,12,0,4,1,1,0,1,0,0,2,0,0,0,0,5,0,0,0,0,0,0,0,0,0,0,0,0,0,0,0,0,0,3,0,0,0,1,0,3,0,2,0,2,1,4,0,0,0,7,0,0,0,0,0,0,0,1,0,0,0,0,0,0,0,0,0,0,0,0,0,0,0,0,0,1
https://www.netmeds.com/,1,2,1,3,1,2,18,1,1,0,0,2,1,1,1,0,0,7,0,0,0,0,7,1,1,0,2,1,0,0,0,0,0,1,0,0,1,0,1,0,1,1,0,0,3,2,0,0,0,0,1,0,0,3,0,0,0,2,0,1,4,4,0,0,2,0,1,0,1,0,0,0,0,2,0,1,0,0,0,0,0,0,0,12,0,0,0,0,0,0,2,0,0,0,0,0,0,0,0,0,0,0,0,1,2,0,0,1,0,0,0,0,0,4,0,0,1,0,0,0,0,1,0,0,0,0,0,0,0,0,0,0,1,0,0,0,1,3,0,0,0,0,0,0,0,0,0,0,0,0,0,0,0,0,0,0,0,0,3,0,0,0,0,1,1,0,0,0,0,1,0,0,0,0,0,0,0,0,0,1,0,0,0,0,1,0,0,0,0,0,0,0,0,0,0,0,0,0,0,0,0,1
https://www.brookfarmgeneralstore.com/,1,0,3,0,0,0,0,1,1,0,0,0,1,0,0,0,0,0,2,4,0,0,0,0,0,0,4,0,0,1,67,0,0,0,0,3,2,0,0,2,0,0,0,0,0,0,0,0,3,0,1,0,0,0,0,0,2,0,0,0,1,0,0,0,0,0,0,0,0,0,0,4,0,1,0,0,0,0,0,0,2,0,0,0,0,0,0,0,3,0,0,0,0,0,0,0,0,0,0,0,2,0,0,0,0,1,1,0,0,0,0,0,0,0,0,1,0,0,0,0,0,1,0,0,0,0,0,0,0,0,0,0,0,0,0,0,0,0,0,0,0,0,1,0,0,0,1,2,0,0,0,0,0,0,0,0,0,0,0,1,0,0,0,0,0,0,0,0,1,0,0,0,0,0,0,0,0,0,0,0,0,1,0,0,1,2,0,0,0,0,0,0,0,0,0,0,0,0,0,0,0,1
https://www.koovs.com/,0,2,1,0,0,0,0,2,0,0,0,0,0,1,0,0,0,2,0,0,0,0,0,0,0,0,0,0,0,0,0,0,1,0,0,2,1,0,0,0,0,0,0,0,0,0,0,0,0,0,0,0,0,1,0,2,1,0,0,0,0,0,0,0,0,0,0,0,0,0,1,0,0,0,0,0,0,0,1,0,0,0,0,0,0,1,0,1,0,0,0,0,0,0,0,0,0,0,0,0,0,0,0,0,0,0,0,0,0,0,0,0,0,0,0,0,0,0,0,0,0,0,0,0,0,0,0,1,0,0,1,0,0,0,0,0,0,0,0,0,0,0,0,0,0,0,0,0,0,0,0,0,0,0,0,0,0,0,0,0,0,0,0,0,0,0,0,0,0,0,0,0,0,0,0,0,0,0,0,1,0,0,0,0,0,0,0,0,0,0,0,0,0,0,0,0,0,0,0,0,0,1
https://www.goodearth.in/,0,0,0,0,0,0,0,0,0,0,0,0,0,0,0,0,0,0,0,0,0,0,0,0,0,0,0,1,0,0,0,0,0,0,0,0,0,0,0,1,0,0,0,0,0,0,0,0,0,0,0,0,0,0,0,0,0,0,0,0,0,0,1,0,0,0,0,0,0,0,0,0,0,0,0,0,0,1,0,0,0,0,0,0,0,0,0,0,0,0,0,0,0,0,0,0,0,0,0,0,0,0,0,0,0,0,0,0,0,0,0,0,0,0,0,0,0,0,0,0,0,0,0,0,0,0,0,0,0,0,0,0,0,0,0,0,0,0,0,0,0,0,0,0,0,0,0,0,0,0,0,0,0,0,0,0,0,0,0,0,0,0,0,0,0,0,0,0,0,0,0,0,0,0,0,0,0,0,0,0,0,0,0,0,0,0,0,0,0,0,0,0,0,0,0,0,0,0,0,0,0,1
https://www.ticket4u.in/,0,0,0,4,0,0,0,0,0,0,0,0,0,0,0,0,0,0,0,0,0,0,0,2,0,0,2,0,0,0,0,0,0,0,0,0,6,0,0,0,0,0,2,0,0,2,0,0,0,0,0,0,0,0,0,0,0,0,0,0,0,0,1,0,2,0,2,0,0,0,0,0,0,0,0,0,0,0,0,0,0,0,0,0,0,0,0,0,0,4,0,0,1,0,0,0,1,0,0,0,0,0,0,0,0,0,0,0,0,0,0,0,0,0,0,0,0,0,0,0,0,0,0,1,0,2,0,0,0,0,0,0,0,0,0,0,0,0,0,2,0,0,0,0,0,0,0,0,1,5,0,0,0,0,0,0,0,0,0,0,0,0,0,1,0,0,0,0,0,2,0,0,0,0,0,0,1,0,0,2,0,0,0,0,0,0,0,0,0,0,0,0,0,0,0,0,0,0,0,0,0,1
https://www.samsung.com/in/,13,7,10,7,0,8,18,0,1,22,0,5,3,1,0,2,2,0,0,5,0,1,0,7,8,0,0,0,2,2,0,1,0,0,2,0,2,0,1,0,0,2,0,0,1,5,0,0,3,0,4,0,0,4,14,0,0,0,0,0,8,0,12,0,5,1,2,0,2,0,0,0,0,3,2,2,0,0,0,3,2,0,0,4,0,0,0,0,0,0,0,0,0,17,0,1,15,0,1,8,0,1,0,1,8,2,0,0,0,0,0,0,20,0,0,23,0,0,3,0,0,0,0,0,0,0,0,0,0,4,0,0,17,0,0,0,0,4,0,0,0,0,0,0,58,0,1,1,0,0,2,0,0,0,0,2,3,8,0,0,5,0,0,0,0,0,0,0,2,2,0,0,0,0,0,0,5,0,0,1,0,1,0,0,2,0,39,0,0,0,0,0,0,0,0,0,0,0,0,0,0,1
https://www.piskelapp.com/,0,0,1,0,1,0,0,2,0,0,0,0,0,0,0,1,0,0,0,0,0,0,0,0,0,0,6,0,0,0,0,1,0,0,0,0,1,0,1,0,0,1,0,0,0,0,0,0,0,0,0,0,0,0,0,0,0,0,0,0,0,0,1,0,0,0,0,0,0,0,0,0,0,1,0,2,0,1,0,0,0,1,0,0,0,0,0,0,0,0,0,0,0,0,0,1,0,0,0,0,0,0,0,1,0,0,0,0,0,0,0,0,0,0,0,0,0,0,0,0,0,0,0,0,0,0,0,0,0,0,0,0,0,0,0,0,0,0,0,0,0,0,0,0,0,0,0,0,0,0,0,0,0,0,0,0,1,0,1,0,0,0,0,0,1,0,0,0,0,0,0,0,0,0,0,0,0,0,0,0,0,0,0,0,1,0,0,0,0,0,0,0,0,0,0,0,0,0,1,0,0,0
https://www.geeksforgeeks.org/,0,0,0,0,0,0,0,0,0,0,0,3,0,0,0,0,0,0,0,0,0,0,0,0,0,0,0,0,0,0,0,0,0,0,0,0,1,0,0,0,0,0,0,0,0,1,0,0,0,0,0,0,0,0,0,0,0,0,0,0,4,0,0,0,1,0,0,0,0,0,0,0,0,0,0,0,0,0,0,0,0,0,0,0,0,0,0,0,0,0,0,0,0,0,0,0,0,0,0,0,0,1,0,0,5,0,0,0,0,0,1,0,0,0,0,0,0,0,0,0,0,0,0,0,0,0,0,0,0,0,0,0,0,0,0,0,0,0,0,0,0,0,0,0,0,0,0,0,0,0,0,0,0,0,0,0,0,0,0,0,0,0,0,0,0,0,0,0,0,0,0,0,0,0,0,0,0,0,0,1,0,0,0,0,0,0,0,0,0,0,0,0,0,0,0,0,0,0,0,0,0,0
https://www.craftsvilla.com/,1,2,3,3,2,16,1,0,2,1,0,1,0,1,1,0,0,1,13,0,1,5,0,2,4,0,3,0,2,0,1,7,0,1,2,0,2,0,0,1,0,3,0,0,2,5,0,1,2,2,0,0,0,2,5,0,6,0,2,1,0,0,1,0,1,0,2,0,0,1,2,0,3,1,1,0,3,3,2,4,1,4,0,1,1,4,0,0,1,0,0,1,0,0,0,0,0,0,0,0,0,0,0,0,0,0,0,3,1,4,0,0,0,0,0,0,0,0,0,0,0,0,0,0,0,0,5,1,0,2,0,0,0,0,0,0,0,0,0,0,2,30,2,0,0,0,0,0,0,0,2,0,0,0,0,0,1,0,1,0,0,0,2,9,1,0,1,0,0,2,0,0,0,2,0,0,0,0,3,1,0,0,2,1,0,0,0,0,0,0,0,0,0,0,0,0,0,0,0,0,0,1
https://www.fabindia.com/,0,0,0,0,0,0,0,0,0,0,0,0,0,0,0,0,0,0,0,0,0,0,0,0,0,0,0,0,0,0,0,0,0,0,0,0,0,0,0,0,0,0,0,0,0,0,0,0,0,0,0,0,0,0,0,0,0,0,0,0,0,0,0,0,0,0,0,0,0,0,0,0,0,0,0,0,0,0,0,0,0,0,0,0,0,0,0,0,0,0,0,0,0,0,0,0,0,0,0,0,0,0,0,0,0,0,0,0,0,0,0,0,0,0,0,0,0,0,0,0,0,0,0,0,0,0,0,0,0,0,0,0,0,0,0,0,0,0,0,0,0,0,0,0,0,0,0,0,0,0,0,0,0,0,0,0,0,0,0,0,0,0,0,0,0,0,0,0,0,0,0,0,0,0,0,0,0,0,0,0,0,0,0,0,0,0,0,0,0,0,0,0,0,0,0,0,0,0,0,0,0,1
https://www.kaggle.com/,0,0,2,0,2,0,0,1,0,0,0,0,1,0,0,0,0,0,0,0,0,0,0,0,0,0,1,0,0,0,0,0,0,0,0,0,0,0,0,0,0,1,0,0,0,0,0,0,0,0,0,0,0,0,0,0,0,0,0,0,0,0,0,0,1,0,1,0,1,0,0,0,0,0,0,3,0,1,0,0,1,0,0,0,0,0,0,0,0,0,0,0,0,0,0,2,0,0,0,0,0,0,0,0,1,0,0,0,0,0,0,0,0,0,0,0,0,0,1,0,0,0,0,0,0,0,0,0,0,1,0,0,0,0,0,0,0,0,0,1,0,0,0,0,0,0,0,0,0,0,0,0,0,0,0,0,0,0,1,0,0,0,0,0,0,0,0,0,0,0,0,0,0,0,0,0,0,0,0,0,0,0,0,0,0,0,0,0,0,0,0,0,0,0,0,0,0,0,0,0,0,0
https://www.pvrcinemas.com/,0,0,1,1,0,2,0,0,0,0,1,0,1,0,0,0,0,2,0,0,1,0,0,1,1,2,2,1,3,3,0,2,0,0,0,0,0,0,0,0,0,1,1,0,2,1,0,0,0,0,1,0,0,0,0,0,0,0,0,0,0,0,0,0,1,0,2,0,0,0,0,1,4,0,1,1,5,1,0,4,0,4,0,0,3,0,0,0,0,0,0,1,0,0,0,0,0,0,0,0,0,49,0,0,0,0,1,0,0,0,1,0,1,0,0,0,0,4,0,0,0,0,1,0,0,7,0,0,0,0,0,0,0,0,0,0,0,0,0,0,0,0,0,0,0,0,1,0,51,0,1,0,0,0,44,0,0,0,0,0,0,1,0,0,0,0,0,1,0,1,0,0,0,0,0,0,0,0,0,1,0,0,0,1,0,0,0,0,0,0,0,0,0,0,0,0,0,0,0,0,0,1
https://learn.unity.com/,1,0,0,1,0,0,0,0,1,1,0,0,0,0,0,0,0,0,0,1,0,0,0,0,0,0,0,0,0,0,0,0,0,0,0,0,0,0,0,0,0,0,0,0,0,0,0,0,0,0,0,0,0,0,0,0,0,0,0,0,0,0,0,0,0,0,0,0,0,0,0,0,0,2,0,0,0,1,0,0,0,0,0,0,0,0,0,0,0,0,0,0,0,0,0,0,0,0,0,0,0,0,0,0,0,0,0,0,0,0,0,0,0,0,0,0,0,0,1,0,0,0,0,0,0,0,0,0,0,0,0,0,0,0,0,0,0,0,0,0,0,0,0,0,0,0,0,0,0,0,0,0,0,0,0,0,0,0,0,0,0,0,0,0,0,0,0,0,0,0,0,0,0,0,0,0,0,0,0,0,1,0,0,0,0,0,0,0,0,0,0,0,0,0,0,0,0,0,0,0,0,0
https://www.shein.in/,0,0,0,0,1,1,1,3,0,0,0,0,0,0,1,0,2,0,0,0,0,0,0,0,1,0,4,1,0,2,1,0,0,0,2,0,1,0,0,1,0,0,0,0,0,1,0,0,0,0,0,1,3,1,4,0,1,0,0,0,1,0,1,0,1,0,1,0,2,1,0,0,0,1,0,0,0,0,0,0,2,0,0,0,0,11,0,1,0,0,0,1,0,0,0,1,1,0,0,0,0,0,1,0,0,0,2,2,1,0,0,0,0,0,0,0,0,1,0,0,0,0,0,0,0,0,0,0,0,1,0,0,0,0,0,0,0,0,0,1,0,0,1,0,0,0,1,0,0,0,0,0,0,0,0,0,0,0,0,1,0,0,0,1,0,9,1,0,0,1,0,0,0,0,0,0,0,0,0,1,0,0,0,0,2,0,0,0,0,0,0,0,0,0,0,0,0,0,0,0,0,1
https://www.meenabazaar.com/,1,0,6,0,0,3,0,0,0,0,0,0,0,2,0,0,4,0,9,1,0,0,0,0,2,0,4,1,2,1,4,5,0,0,0,2,1,0,0,0,1,2,0,0,0,2,0,0,6,2,0,0,2,0,1,0,1,0,0,0,1,0,0,0,1,0,1,0,0,0,0,0,7,0,0,0,1,0,1,1,0,5,0,0,0,0,0,0,0,0,0,2,0,0,0,0,0,0,0,0,0,0,1,0,0,0,0,0,0,0,0,0,0,0,1,0,0,0,0,0,0,1,0,0,0,0,0,0,0,0,0,2,0,0,0,0,0,0,0,3,0,4,0,0,0,0,0,0,0,0,0,0,0,0,0,0,0,0,0,0,0,0,0,1,0,0,0,2,0,1,0,0,0,0,0,0,1,0,2,1,0,0,0,0,0,0,0,0,0,0,0,0,0,0,0,0,0,0,0,0,0,1
https://www.amazon.in/,2,15,8,18,5,2,4,12,9,1,1,8,5,6,7,0,1,5,2,8,0,1,1,5,3,1,6,5,0,11,4,0,9,6,0,1,0,4,0,8,0,2,8,0,1,0,0,6,1,0,1,1,0,1,3,2,0,1,0,1,2,7,0,9,0,2,0,1,0,17,5,8,0,2,1,1,0,0,7,10,2,0,2,4,0,0,1,1,0,0,0,0,0,6,0,0,1,1,0,1,3,1,1,2,1,0,0,2,3,4,1,0,3,0,0,0,3,0,2,0,0,0,1,1,0,0,0,1,0,0,0,0,0,0,0,0,7,6,0,0,0,0,1,0,0,0,1,2,2,0,0,0,0,0,0,3,1,7,1,0,0,0,0,0,0,0,1,1,4,1,0,8,0,0,0,0,0,0,3,0,0,0,2,0,0,1,0,0,0,0,0,0,0,0,0,0,0,0,2,1,1,1
https://www.olx.in/,0,0,1,0,0,0,0,1,0,1,0,0,0,0,0,0,0,0,0,0,0,0,0,0,1,0,0,0,0,0,0,0,1,0,0,5,0,0,0,0,0,0,0,0,3,0,0,0,0,0,0,0,1,0,0,0,0,0,0,0,0,0,0,0,1,0,0,0,0,0,0,0,0,0,0,0,0,1,0,0,0,0,0,0,0,0,0,0,0,0,0,0,0,1,0,0,0,0,0,0,0,0,1,0,0,0,0,0,0,0,0,0,0,0,0,0,0,0,0,0,0,0,0,1,0,0,5,0,0,0,0,0,0,0,0,0,1,0,0,0,0,0,0,0,1,0,0,0,0,0,0,0,0,0,0,0,1,0,0,0,0,0,0,0,1,0,0,0,0,0,0,0,0,0,0,0,0,0,0,0,0,0,0,0,0,0,0,0,0,0,0,0,0,0,0,0,0,0,0,0,0,1
https://www.safetykart.com/,0,0,0,2,0,2,1,0,0,0,0,0,0,0,0,0,1,0,0,0,0,0,0,0,0,0,1,0,0,0,0,2,0,0,0,0,1,0,0,0,0,0,0,0,1,1,0,0,3,0,0,0,0,0,0,0,1,0,0,0,0,0,0,0,1,0,1,0,0,0,0,0,2,2,0,0,0,0,0,0,4,0,0,0,1,0,0,0,0,0,0,2,0,0,0,0,0,0,0,0,0,0,0,0,0,0,0,0,0,0,0,0,0,0,0,1,0,0,0,0,0,0,0,0,0,0,0,0,0,0,0,0,1,0,0,0,0,0,0,0,0,0,0,0,0,0,0,0,0,0,0,0,0,0,0,0,0,0,0,0,0,0,0,0,0,0,0,0,0,1,0,0,0,0,0,0,1,0,0,0,0,0,0,0,0,0,0,0,0,0,0,0,0,0,0,0,0,0,0,0,0,1
https://www.spicinemas.in/,0,0,0,0,1,1,0,5,0,0,6,0,0,0,0,1,0,0,0,0,0,1,0,0,0,2,3,0,9,0,0,0,0,0,4,0,2,0,0,0,0,0,4,4,0,0,0,0,0,0,1,0,0,0,0,0,0,0,0,0,0,0,0,0,2,8,4,0,0,0,0,0,0,0,0,0,0,1,0,0,1,0,0,0,13,0,0,0,0,0,0,0,0,2,0,0,0,0,0,0,0,0,0,0,0,2,0,2,0,0,2,0,0,0,0,0,0,3,0,0,0,0,0,1,0,13,0,0,0,0,0,0,0,0,0,0,0,0,0,0,0,0,2,0,0,0,0,0,0,6,0,0,0,0,0,0,0,0,0,0,0,0,0,0,1,0,0,0,0,4,0,0,0,0,0,0,0,0,0,0,0,3,0,0,0,0,0,0,0,0,0,0,0,0,0,0,0,0,0,0,0,1
https://www.dcgpac.com/,0,0,1,5,4,0,1,0,5,0,0,2,3,3,0,0,0,0,0,3,0,0,0,0,4,0,2,0,1,0,3,0,0,0,3,2,1,0,0,0,0,5,0,0,2,4,0,8,3,0,0,0,1,2,1,0,3,0,0,0,5,0,0,0,1,0,1,0,1,0,2,0,0,6,0,1,0,0,0,0,0,1,0,0,0,0,0,0,0,0,0,0,0,0,0,0,0,4,2,0,0,0,0,0,1,0,0,0,2,0,0,0,0,0,0,0,0,2,1,0,0,1,0,2,0,0,0,0,0,2,0,0,1,0,0,0,0,0,0,8,0,0,0,0,0,0,6,5,0,0,0,0,0,0,0,0,1,0,0,0,0,0,0,0,0,0,0,0,2,1,10,0,0,0,0,0,0,0,0,0,0,0,1,0,0,0,0,0,0,0,0,0,0,0,0,0,0,0,0,0,0,1
https://forum.xda-developers.com/chef-central/android/guide-android-rom-development-t2814763,0,0,20,6,19,40,0,8,0,0,0,6,0,9,0,0,0,0,0,4,0,3,0,5,1,0,0,0,2,4,0,42,0,0,1,0,2,0,0,0,0,7,0,0,0,1,0,0,0,0,14,0,2,6,3,0,0,0,0,0,8,0,3,0,1,8,4,0,0,0,0,0,1,8,5,28,34,17,0,0,5,1,0,0,0,0,8,0,0,0,0,0,11,0,0,75,1,10,0,0,0,0,0,0,1,0,11,9,0,0,11,0,0,0,0,2,0,0,0,5,4,10,0,13,0,0,0,0,0,1,0,0,1,0,0,0,0,0,0,1,0,0,0,0,39,0,0,0,0,0,4,8,0,0,0,0,13,0,17,0,0,2,6,0,7,0,0,0,3,0,0,0,0,0,0,0,5,0,0,0,0,1,1,0,8,0,46,0,0,0,0,0,0,0,0,0,0,0,3,0,0,0
https://www.voylla.com/,0,0,0,0,0,0,1,0,0,0,0,0,0,0,0,0,0,0,0,0,0,0,1,0,0,0,0,0,0,0,0,0,0,0,0,0,0,0,0,0,0,0,0,0,0,0,0,0,1,0,0,0,0,0,0,0,0,1,0,0,0,0,0,0,0,0,0,0,0,0,0,0,0,0,0,0,0,0,0,0,0,0,0,0,0,0,0,0,0,0,0,1,0,0,0,0,0,0,0,0,0,0,0,0,0,0,0,0,0,0,0,0,0,0,0,0,0,0,0,0,0,1,1,0,0,0,0,0,0,0,0,0,0,0,0,0,0,0,0,0,0,0,0,0,0,0,0,0,0,0,0,0,0,0,0,0,0,0,0,0,0,2,0,0,0,0,0,0,0,0,0,0,0,0,0,0,0,0,0,0,0,0,0,2,0,0,0,0,0,0,0,0,0,0,0,0,0,0,0,0,0,1
https://insider.in/movies,0,0,0,1,0,0,0,0,0,1,0,0,0,1,0,0,0,0,0,0,0,0,0,0,0,1,0,0,0,0,0,0,0,0,0,0,1,0,0,0,0,0,0,0,0,1,0,0,0,0,0,0,0,1,0,0,0,0,0,0,0,0,1,0,1,0,1,0,0,0,0,0,0,1,0,0,0,1,0,0,0,0,0,0,0,0,0,0,0,1,0,0,0,0,0,0,0,0,0,0,0,0,0,0,1,0,0,1,1,0,0,2,0,0,0,0,0,1,0,0,0,0,0,0,0,0,0,0,0,0,0,0,0,0,0,0,0,0,0,0,0,0,0,0,0,0,0,0,0,0,1,0,0,0,0,1,0,0,0,0,0,0,1,0,0,0,0,0,0,1,0,0,0,0,0,0,0,0,0,0,0,0,0,0,0,0,0,0,0,0,0,0,0,0,0,0,0,0,0,0,1,1
http://www.dealsandyou.com/,0,0,0,1,2,1,1,2,0,0,0,0,1,0,0,0,0,0,0,0,0,0,4,2,0,0,0,0,0,0,0,2,0,1,2,0,3,0,0,0,1,0,0,0,0,1,1,0,0,0,0,0,0,0,0,0,0,0,0,0,0,0,1,14,1,0,1,0,1,0,0,0,0,0,1,0,0,0,0,0,0,0,0,0,0,0,0,0,0,0,0,0,0,0,0,1,0,0,1,0,0,0,0,1,0,0,0,1,1,0,0,0,0,0,0,0,0,0,3,0,0,0,0,0,0,0,0,0,0,0,0,0,0,0,0,0,0,3,0,0,0,0,0,0,0,0,0,0,0,0,0,0,0,0,0,1,0,0,0,0,0,0,0,0,0,0,0,0,0,1,0,0,0,0,0,0,0,0,0,0,0,0,0,0,0,0,0,0,0,0,0,0,0,0,0,0,0,0,0,0,0,1
https://www.google.co.in/search?dcr=0&source=hp&ei=SLJnXYC2H4uavQTbiqKIAw&q=cat&oq=cat&gs_l=psy-ab.3..35i39i285j35i39j0i67l4j0l4.82016.83785..84177...1.0..1.496.1526.2-4j0j1......0....1..gws-wiz.......0i131.q03mP0JD0ow&ved=0ahUKEwiA-ovB-KfkAhULTY8KHVuFCDEQ4dUDCAU&uact=5,0,0,0,1,0,0,0,0,0,0,0,0,0,0,0,3,0,0,0,0,0,1,0,0,0,0,1,0,0,0,0,0,0,0,0,0,0,0,0,0,2,0,0,0,1,0,0,0,0,0,0,0,0,0,0,0,0,0,0,0,3,0,0,0,0,0,0,0,0,0,0,0,0,0,1,0,0,0,0,0,0,0,0,0,0,0,0,0,0,0,0,0,0,0,0,0,0,0,0,0,0,0,0,0,0,0,1,0,0,0,0,0,0,0,0,0,0,0,0,0,0,0,1,0,0,0,1,0,0,0,0,0,0,0,0,0,0,0,0,0,0,0,0,0,0,0,1,0,0,0,1,0,0,0,0,1,1,0,0,0,0,0,0,0,0,0,0,0,0,0,0,0,0,0,0,0,0,0,0,0,0,0,0,0,2,0,0,0,0,0,0,0,0,0,0,0,0,0,0,0,0,0
https://paytmmall.com/,2,0,0,1,0,1,1,0,0,1,0,0,0,0,0,1,0,0,2,0,0,0,0,0,0,0,1,0,0,0,0,0,2,0,0,0,0,0,0,2,0,0,0,0,0,1,0,0,0,0,0,0,0,0,0,0,0,0,0,0,0,0,0,0,0,0,0,0,0,1,0,0,0,1,0,0,0,0,0,0,0,0,0,0,0,0,0,0,0,0,0,0,0,0,0,0,0,0,0,0,0,0,0,0,0,0,0,0,0,0,0,3,0,0,0,0,0,0,1,0,0,0,0,0,0,0,0,0,0,2,0,0,0,0,0,0,2,1,0,0,0,0,0,0,0,0,0,0,0,0,0,0,0,0,0,0,0,0,0,0,0,0,0,0,0,0,0,0,1,0,0,0,0,0,0,0,0,0,0,0,0,0,0,0,0,0,0,0,0,0,0,0,0,0,0,0,0,0,0,0,0,1
https://www.crunchyroll.com/,0,0,7,1,2,0,0,2,0,0,0,0,0,1,0,0,0,0,0,1,0,0,0,0,0,1,0,0,0,2,0,0,0,0,0,0,0,0,7,0,0,0,0,0,0,2,1,0,0,0,3,0,0,1,0,0,0,0,0,0,2,0,1,0,1,1,1,0,2,0,0,0,2,0,1,0,3,1,0,0,1,0,0,0,0,0,0,0,0,0,0,0,0,0,0,0,1,0,0,0,0,2,0,1,2,0,2,0,0,0,0,0,0,0,0,1,1,0,0,0,0,1,1,0,0,0,2,0,0,0,0,0,2,0,0,0,0,0,0,0,0,0,0,0,0,0,1,0,0,0,0,0,0,0,0,1,1,0,0,0,0,0,0,3,0,0,3,0,0,0,0,0,0,0,0,0,1,0,0,0,0,0,0,1,1,0,0,0,0,0,0,0,0,0,0,0,0,0,0,0,0,0
https://www.ethoswatches.com/,3,1,4,1,2,18,0,0,0,2,0,1,2,3,4,2,0,4,0,0,3,1,0,0,1,0,0,4,1,0,1,0,0,0,1,0,1,59,1,0,0,0,0,0,1,3,0,1,1,0,0,1,0,0,1,0,1,0,2,0,0,1,0,0,1,0,1,0,1,1,0,0,1,1,0,1,1,3,0,0,0,0,0,0,0,0,0,0,1,0,0,0,0,3,0,0,2,0,0,0,0,0,2,0,1,0,1,0,0,1,0,0,3,0,1,0,0,0,0,7,0,1,0,0,0,0,0,0,0,1,0,0,0,0,0,0,2,0,0,0,0,0,1,0,0,0,0,0,0,0,0,0,0,0,0,0,0,0,0,0,15,0,0,0,0,0,0,1,0,0,0,0,0,0,0,0,0,0,0,1,0,1,3,0,0,0,0,0,0,0,0,0,0,0,0,0,0,0,0,0,1,1
https://www.vajor.com/,0,0,0,0,0,0,1,2,0,0,0,0,0,1,0,0,0,0,0,1,0,1,0,11,3,0,3,0,12,1,0,4,1,0,0,1,1,0,0,0,0,3,0,7,1,0,0,1,1,0,2,0,0,0,0,1,1,0,0,0,0,0,1,0,0,0,0,0,1,0,1,1,6,1,0,0,8,2,1,1,0,10,1,0,0,1,0,1,0,0,0,0,0,0,0,2,1,0,0,0,0,0,0,0,1,0,0,0,2,1,0,0,1,0,0,0,0,0,0,0,0,0,0,0,0,0,0,0,0,0,0,0,1,0,0,0,0,0,0,1,0,0,2,0,0,0,0,0,0,0,5,0,0,0,0,0,0,0,0,1,0,0,0,0,0,0,0,0,0,0,0,0,0,0,0,1,0,0,0,1,0,0,0,2,1,1,0,0,0,0,0,0,0,0,0,0,0,0,1,0,0,1
https://www.homeshop18.com/,0,14,2,12,3,8,5,4,28,1,1,5,7,11,24,10,10,7,4,2,7,0,2,12,0,0,1,18,3,0,17,1,12,10,6,0,2,7,0,3,2,1,0,1,2,5,0,1,1,4,1,10,1,1,2,10,2,2,1,5,1,1,2,2,1,0,1,0,0,4,1,12,0,0,1,2,3,3,11,0,3,0,4,9,0,6,4,4,2,0,0,0,1,2,0,0,1,1,2,2,1,0,3,0,0,0,0,1,3,6,1,0,0,0,0,0,0,0,2,0,0,0,0,0,0,0,0,12,0,3,4,2,0,0,0,0,5,2,0,1,0,1,0,0,0,0,0,4,0,0,2,0,0,0,0,0,3,12,1,0,4,0,0,1,12,1,0,4,0,0,1,2,0,0,0,2,6,0,6,1,5,8,3,0,0,4,1,0,0,0,0,0,0,0,0,0,0,0,1,0,2,1
https://ocw.mit.edu/courses/media-arts-and-sciences/mas-s62-cryptocurrency-engineering-and-design-spring-2018/lecture-videos/index.htm,2,0,2,1,0,0,0,1,0,0,0,0,0,0,0,2,0,0,0,0,0,0,0,0,0,0,0,0,1,0,0,0,0,0,0,0,2,0,0,0,0,0,0,0,0,0,0,0,0,0,0,0,0,3,0,0,0,0,0,0,10,0,0,0,1,0,2,0,4,0,0,0,0,5,0,4,0,0,0,0,7,0,0,0,0,0,0,0,0,0,0,0,0,0,0,0,0,1,0,0,0,0,0,0,0,0,0,0,0,0,0,0,0,0,0,0,0,0,0,0,0,0,0,0,0,0,0,0,0,0,0,0,0,0,0,0,0,0,0,0,0,0,0,0,0,0,0,0,0,0,3,0,0,0,0,0,2,0,0,0,0,0,0,0,2,0,0,0,0,0,0,0,0,0,0,0,0,0,0,0,1,0,0,0,0,0,0,0,0,0,0,0,0,0,0,0,0,0,0,0,0,0
https://www.hometown.in/,0,0,0,1,0,0,1,0,0,0,0,0,0,0,0,0,0,0,0,0,0,0,0,0,1,0,0,0,0,0,0,0,0,0,0,0,0,0,0,0,0,0,0,0,0,0,0,0,0,0,0,0,0,0,0,0,0,0,0,0,0,0,0,0,0,0,0,0,0,0,0,2,0,0,0,0,0,0,0,0,0,0,0,0,0,0,0,0,0,0,0,0,0,0,0,0,0,0,0,0,0,0,0,0,0,0,0,0,0,0,0,0,0,0,0,0,0,0,0,0,0,0,0,0,0,0,0,0,0,0,0,0,0,0,0,0,0,0,0,0,0,0,0,0,0,0,0,2,0,0,0,0,0,0,0,0,0,0,0,0,0,0,0,0,0,0,0,0,0,0,0,0,0,0,0,0,0,0,0,0,0,0,0,0,1,0,0,0,0,0,0,0,0,0,0,0,0,0,0,0,0,1
https://www.twitch.tv/,0,0,0,0,0,0,0,0,0,0,0,0,0,1,0,0,0,0,0,0,0,0,0,0,0,0,1,0,0,0,0,0,0,0,0,0,0,0,0,0,0,0,0,0,0,0,0,0,0,0,0,0,0,0,0,0,0,0,0,0,0,0,0,0,0,0,0,0,0,0,0,0,0,0,0,0,0,0,0,0,0,0,0,0,0,0,0,0,0,0,0,0,0,0,0,0,0,0,0,0,0,0,0,0,0,0,0,0,0,0,0,0,0,0,0,0,0,0,0,0,0,0,0,0,0,0,0,0,0,0,0,0,0,0,0,0,0,0,0,0,0,0,0,0,0,0,0,0,0,0,0,0,0,0,0,0,0,0,0,0,0,0,0,0,0,0,0,0,0,0,0,0,0,0,0,0,0,0,0,0,0,0,0,0,0,0,0,0,0,0,0,0,0,0,0,0,0,0,0,0,0,0
https://www.bewakoof.com/,3,6,7,3,12,0,1,8,6,4,0,2,5,3,4,37,24,0,1,3,5,0,0,1,0,0,0,1,0,1,1,0,0,0,1,0,1,0,0,0,0,0,0,3,7,4,0,2,1,0,6,3,1,1,6,15,4,0,1,0,0,0,0,1,0,0,0,0,0,16,6,0,0,0,1,3,0,4,4,0,2,0,0,0,0,0,0,0,0,0,0,0,1,0,0,0,0,0,0,0,0,0,3,3,5,0,4,1,2,0,0,0,2,0,0,0,0,0,0,0,0,3,8,0,0,0,4,0,0,1,0,0,0,0,0,0,0,0,0,0,0,0,1,0,0,0,1,0,0,0,0,0,7,0,0,0,6,0,4,1,0,0,1,1,4,0,1,4,0,0,0,0,0,0,0,1,1,0,0,0,5,0,0,0,0,0,0,0,0,0,0,0,0,0,0,0,0,0,0,0,3,1
https://zoutons.com/,0,4,0,2,1,0,0,0,0,0,0,2,18,0,0,0,0,0,0,0,0,0,0,1,0,0,2,0,0,0,0,0,0,0,0,0,0,0,0,0,0,0,0,0,2,0,0,0,0,0,0,0,0,0,0,0,0,0,0,0,0,2,0,1,1,0,1,0,0,0,0,0,2,1,0,1,0,0,4,0,0,1,0,0,0,0,0,0,1,0,0,0,0,0,0,0,0,0,0,0,0,0,0,0,0,0,0,0,0,0,0,0,0,0,0,0,0,0,0,0,0,0,0,0,0,0,0,2,0,0,0,0,0,0,1,0,0,0,0,0,0,0,0,0,0,0,0,0,0,0,0,0,0,0,0,0,0,1,0,0,0,0,0,0,0,0,0,1,0,0,0,0,0,0,0,0,0,0,0,0,0,0,3,0,0,0,0,0,0,0,0,0,0,0,0,0,0,0,0,0,0,1
